<?xml version="1.0" encoding="ISO-8859-1"?>
<models>
    <!-- Field Characters -->
    <model id="1" file_name="cloud.mesh" />
    <model id="2" file_name="barret.mesh" />

    <model id="30" file_name="chest.mesh" />
    <model id="40" file_name="bottle_blue.mesh" />

    <model id="100" file_name="jessie.mesh" />
    <model id="101" file_name="biggs.mesh" />
    <model id="102" file_name="wedge.mesh" />

    <model id="110" file_name="guard1.mesh" />
    <model id="111" file_name="guard2.mesh" />

    <!-- Battle Characters -->
    <model id="10001" file_name="cloud.mesh" />
    <model id="10002" file_name="barret.mesh" />

    <model id="10016" file_name="mp.mesh"/>
    <model id="10017" file_name="guard_hound.mesh"/>
    <model id="10018" file_name="mono_drive.mesh"/>
    <model id="10019" file_name="grunt.mesh"/>
    <model id="10020" file_name="1st_ray.mesh"/>
    <model id="10021" file_name="sweeper.mesh"/>
    <model id="10022" file_name="guard_scorpion.mesh"/>
</models>
