<?xml version="1.0"?>
<field dialogs="1" entitys="1" gateways="0" encounters="0" walkmesh="0">
    <dialogs>
    </dialogs>

    <entitys>
        <entity name="cloud">
            <script>
CHAR (00)
PC (00)
RET ()
RET ()</script>
        </entity>



        <entity name="smoke1">
            <script>
BGCLR (00,01)
RET ()
RANDOM (05,0D)
MOD (50,0D,03)
IFUB (50,0D,00,00,06)
WAIT (78,00)
JMPF (0F)
IFUB (50,0D,01,00,06)
WAIT (5A,00)
JMPF (04)
WAIT (3C,00)
BGON (00,01,00)
WAIT (04,00)
BGOFF (00,01,00)
BGON (00,01,01)
WAIT (04,00)
BGOFF (00,01,01)
BGON (00,01,02)
WAIT (04,00)
BGOFF (00,01,02)
BGON (00,01,03)
WAIT (04,00)
BGOFF (00,01,03)
BGON (00,01,04)
WAIT (04,00)
BGOFF (00,01,04)
BGON (00,01,05)
WAIT (04,00)
BGOFF (00,01,05)
BGON (00,01,06)
WAIT (04,00)
BGOFF (00,01,06)
BGON (00,01,07)
WAIT (04,00)
BGOFF (00,01,07)
JMPB (78)</script>
        </entity>



        <entity name="smoke2">
            <script>
BGCLR (00,02)
RET ()
RANDOM (05,0E)
MOD (50,0E,03)
IFUB (50,0E,00,00,06)
WAIT (87,00)
JMPF (0F)
IFUB (50,0E,01,00,06)
WAIT (69,00)
JMPF (04)
WAIT (4B,00)
BGON (00,02,00)
WAIT (04,00)
BGOFF (00,02,00)
BGON (00,02,01)
WAIT (04,00)
BGOFF (00,02,01)
BGON (00,02,02)
WAIT (04,00)
BGOFF (00,02,02)
BGON (00,02,03)
WAIT (04,00)
BGOFF (00,02,03)
BGON (00,02,04)
WAIT (04,00)
BGOFF (00,02,04)
BGON (00,02,05)
WAIT (04,00)
BGOFF (00,02,05)
BGON (00,02,06)
WAIT (04,00)
BGOFF (00,02,06)
BGON (00,02,07)
WAIT (04,00)
BGOFF (00,02,07)
JMPB (78)</script>
        </entity>
    </entitys>

    <gateways>
    </gateways>

    <encounters>
    </encounters>

    <walkmesh>
    </walkmesh>
</field>