<?xml version="1.0"?>
<field dialogs="1" entitys="1">
    <dialogs>
        <dialog>        Next
        Close</dialog>

        <dialog>        Previous
        Usual window
        Map 74</dialog>

        <dialog>Akari is a good girl!
Are you believe this?</dialog>

        <dialog> </dialog>
    </dialogs>

    <entitys>
        <entity name="test">
            <script>
RET ()
WINDOW (00,20,00,20,00,75,00,75,00)
WSPCL (00,02,01,05)
PLUS2! (10,00,01,00)
WNUMB (10,00,00,00,00,00,03)
WMODE (00,01,01)
MESSAGE (00,03)
IFUWL (10,00,00,C8,00,01,03,00)
RET ()
REQ (00,01)
MINUS2! (10,00,C8,00)
RET ()
            </script>

            <script>
WINDOW (01,FF,00,FF,00,8A,00,2C,00)
ASK (05,01,00,00,01,00)
JMPF (33)
WMODE (01,02,00)
WINDOW (01,FF,00,EF,00,81,00,3C,00)
ASK (05,01,01,00,02,00)
WMODE (01,00,00)
JMPF (21)
WMODE (01,02,00)
WINDOW (01,FF,00,DF,00,8A,00,2C,00)
MESSAGE (01,02)
WMODE (01,00,00)
JMPB (43)
IFUBL (50,00,00,00,16,00)
JMPB (39)
IFUBL (50,00,00,00,04,00)
JMPB (55)
IFUBL (50,00,01,00,04,00)
JMPB (30)
IFUBL (50,00,02,00,0C,00)
MAPJUMP (74,00,00,00,00,00,00,00,00)
RET ()
            </script>
        </entity>
    </entitys>
</field>