<?xml version="1.0"?>
<field dialogs="1" entitys="1" gateways="0">
    <dialogs>
        <dialog> </dialog>



        <dialog>Akari is cool!</dialog>



        <dialog>Akari is good girl!</dialog>
    </dialogs>






    <entitys>
        <entity name="dir">
            <script>
RET ()
REQ (01,C2)                           // timer works
RET ()
            </script>
        </entity>



        <entity name="time">
            <script>
SET-BYTE! (10,00,00)
STTIM (00,00,00,01,00)
RET ()
RET ()
            </script>

            <script>
WMODE (03,01,01)
WINDOW (03,0A,00,0A,00,A0,00,46,00)
WSPCL (03,01,0A,0A)
MESSAGE (03,00)
SET-BYTE! (10,00,01)
RET ()
            </script>

            <script>
IFUB (10,00,00,00,04)
REQ (01,A1)                            // show timer
IFUB (10,15,00,00,0F)
IFUB (10,16,00,00,09)
IFUB (10,17,00,00,03)
WREST (03)
RET ()
            </script>
        </entity>



        <entity name="dialog1">
            <script>
RET ()
WINDOW (00,10,00,FF,00,57,00,1C,00)
WMODE (00,02,00)
MESSAGE (00,01)
RET ()
            </script>
        </entity>




        <entity name="dialog2">
            <script>
RET ()
WAIT (96,00)
WINDOW (01,FF,00,30,00,72,00,1C,00)
WMODE (01,02,00)
MESSAGE (01,02)
RET ()
            </script>
        </entity>



        <entity name="cloud">
            <script>
CHAR (00)
PC (00)
XYZI (00,00,47,0E,28,6B,36,01,19,00)
RET ()
RET ()
            </script>
        </entity>
    </entitys>






    <gateways>
    </gateways>
</field>