﻿<font name="FFVIIFont" image="fonts/ffvii_jp.png" image_size="512 256" height="16">
    <char name="バ" x="0" y="0" width="12" height="12" pre="0" post="1" />
    <char name="ば" x="12" y="0" width="12" height="12" pre="0" post="1" />
    <char name="ビ" x="24" y="0" width="12" height="12" pre="0" post="-1" />
    <char name="び" x="36" y="0" width="12" height="12" pre="0" post="1" />
    <char name="ブ" x="48" y="0" width="12" height="12" pre="0" post="0" />
    <char name="ぶ" x="60" y="0" width="12" height="12" pre="0" post="1" />
    <char name="ベ" x="72" y="0" width="12" height="12" pre="0" post="0" />
    <char name="ボ" x="96" y="0" width="12" height="12" pre="0" post="0" />
    <char name="ぼ" x="108" y="0" width="12" height="12" pre="0" post="1" />
    <char name="ガ" x="120" y="0" width="12" height="12" pre="0" post="0" />
    <char name="が" x="132" y="0" width="12" height="12" pre="0" post="0" />
    <char name="ギ" x="144" y="0" width="12" height="12" pre="0" post="-1" />
    <char name="ぎ" x="156" y="0" width="12" height="12" pre="0" post="0" />
    <char name="グ" x="168" y="0" width="12" height="12" pre="0" post="0" />
    <char name="ぐ" x="180" y="0" width="12" height="12" pre="0" post="-2" />
    <char name="ゲ" x="192" y="0" width="12" height="12" pre="0" post="0" />
    <char name="げ" x="204" y="0" width="12" height="12" pre="0" post="0" />
    <char name="ゴ" x="216" y="0" width="12" height="12" pre="0" post="0" />
    <char name="ご" x="228" y="0" width="12" height="12" pre="0" post="-1" />
    <char name="ザ" x="240" y="0" width="12" height="12" pre="0" post="1" />
    <char name="ざ" x="0" y="12" width="12" height="12" pre="0" post="-1" />
    <char name="ジ" x="12" y="12" width="12" height="12" pre="0" post="0" />
    <char name="じ" x="24" y="12" width="12" height="12" pre="0" post="-3" />
    <char name="ズ" x="36" y="12" width="12" height="12" pre="0" post="0" />
    <char name="ず" x="48" y="12" width="12" height="12" pre="0" post="0" />
    <char name="ゼ" x="60" y="12" width="12" height="12" pre="0" post="0" />
    <char name="ぜ" x="72" y="12" width="12" height="12" pre="0" post="1" />
    <char name="ゾ" x="84" y="12" width="12" height="12" pre="0" post="-2" />
    <char name="ぞ" x="96" y="12" width="12" height="12" pre="0" post="0" />
    <char name="ダ" x="108" y="12" width="12" height="12" pre="0" post="0" />
    <char name="だ" x="120" y="12" width="12" height="12" pre="0" post="0" />
    <char name="ヅ" x="156" y="12" width="12" height="12" pre="0" post="0" />
    <char name="デ" x="180" y="12" width="12" height="12" pre="0" post="0" />
    <char name="で" x="192" y="12" width="12" height="12" pre="0" post="0" />
    <char name="ド" x="204" y="12" width="12" height="12" pre="0" post="-4" />
    <char name="ど" x="216" y="12" width="12" height="12" pre="0" post="-1" />
    <char name="パ" x="240" y="12" width="12" height="12" pre="0" post="1" />
    <char name="ぱ" x="0" y="24" width="12" height="12" pre="0" post="0" />
    <char name="ピ" x="12" y="24" width="12" height="12" pre="0" post="-2" />
    <char name="プ" x="36" y="24" width="12" height="12" pre="0" post="0" />
    <char name="ぷ" x="48" y="24" width="12" height="12" pre="0" post="0" />
    <char name="ペ" x="60" y="24" width="12" height="12" pre="0" post="0" />
    <char name="ポ" x="84" y="24" width="12" height="12" pre="0" post="-1" />
    <char name="0" x="108" y="24" width="12" height="12" pre="0" post="-4" />
    <char name="1" x="120" y="24" width="12" height="12" pre="2" post="-6" />
    <char name="2" x="132" y="24" width="12" height="12" pre="0" post="-4" />
    <char name="3" x="144" y="24" width="12" height="12" pre="0" post="-4" />
    <char name="4" x="156" y="24" width="12" height="12" pre="0" post="-3" />
    <char name="5" x="168" y="24" width="12" height="12" pre="0" post="-4" />
    <char name="6" x="180" y="24" width="12" height="12" pre="0" post="-4" />
    <char name="7" x="192" y="24" width="12" height="12" pre="0" post="-5" />
    <char name="8" x="204" y="24" width="12" height="12" pre="0" post="-4" />
    <char name="9" x="216" y="24" width="12" height="12" pre="0" post="-4" />
    <char name="、" x="228" y="24" width="12" height="12" pre="1" post="-5" />
    <char name="。" x="240" y="24" width="12" height="12" pre="1" post="-3" />
    <char name=" " x="0" y="36" width="12" height="12" pre="0" post="-4" />
    <char name="ハ" x="12" y="36" width="12" height="12" pre="0" post="0" />
    <char name="は" x="24" y="36" width="12" height="12" pre="0" post="-1" />
    <char name="ヒ" x="36" y="36" width="12" height="12" pre="0" post="-3" />
    <char name="ひ" x="48" y="36" width="12" height="12" pre="0" post="-1" />
    <char name="フ" x="60" y="36" width="12" height="12" pre="0" post="-2" />
    <char name="ふ" x="72" y="36" width="12" height="12" pre="0" post="0" />
    <char name="ヘ" x="84" y="36" width="12" height="12" pre="0" post="0" />
    <char name="へ" x="96" y="36" width="12" height="12" pre="0" post="0" />
    <char name="ホ" x="108" y="36" width="12" height="12" pre="0" post="-1" />
    <char name="ほ" x="120" y="36" width="12" height="12" pre="0" post="-1" />
    <char name="カ" x="132" y="36" width="12" height="12" pre="0" post="-2" />
    <char name="か" x="144" y="36" width="12" height="12" pre="0" post="0" />
    <char name="キ" x="156" y="36" width="12" height="12" pre="0" post="-2" />
    <char name="き" x="168" y="36" width="12" height="12" pre="0" post="-2" />
    <char name="ク" x="180" y="36" width="12" height="12" pre="0" post="-2" />
    <char name="く" x="192" y="36" width="12" height="12" pre="0" post="-4" />
    <char name="ケ" x="204" y="36" width="12" height="12" pre="0" post="-1" />
    <char name="け" x="216" y="36" width="12" height="12" pre="0" post="-1" />
    <char name="コ" x="228" y="36" width="12" height="12" pre="0" post="-2" />
    <char name="こ" x="240" y="36" width="12" height="12" pre="0" post="-3" />
    <char name="サ" x="0" y="48" width="12" height="12" pre="0" post="-1" />
    <char name="さ" x="12" y="48" width="12" height="12" pre="0" post="-2" />
    <char name="シ" x="24" y="48" width="12" height="12" pre="0" post="-1" />
    <char name="し" x="36" y="48" width="12" height="12" pre="0" post="-3" />
    <char name="ス" x="48" y="48" width="12" height="12" pre="0" post="-2" />
    <char name="す" x="60" y="48" width="12" height="12" pre="0" post="-1" />
    <char name="セ" x="72" y="48" width="12" height="12" pre="0" post="-1" />
    <char name="せ" x="84" y="48" width="12" height="12" pre="0" post="-1" />
    <char name="ソ" x="96" y="48" width="12" height="12" pre="0" post="-3" />
    <char name="そ" x="108" y="48" width="12" height="12" pre="0" post="-2" />
    <char name="タ" x="120" y="48" width="12" height="12" pre="0" post="-2" />
    <char name="た" x="132" y="48" width="12" height="12" pre="0" post="-1" />
    <char name="チ" x="144" y="48" width="12" height="12" pre="0" post="-1" />
    <char name="ち" x="156" y="48" width="12" height="12" pre="0" post="-2" />
    <char name="ツ" x="168" y="48" width="12" height="12" pre="0" post="-2" />
    <char name="つ" x="180" y="48" width="12" height="12" pre="0" post="-1" />
    <char name="テ" x="192" y="48" width="12" height="12" pre="0" post="-1" />
    <char name="て" x="204" y="48" width="12" height="12" pre="0" post="-2" />
    <char name="ト" x="216" y="48" width="12" height="12" pre="0" post="-6" />
    <char name="と" x="228" y="48" width="12" height="12" pre="0" post="-3" />
    <char name="ウ" x="240" y="48" width="12" height="12" pre="0" post="-2" />
    <char name="う" x="0" y="60" width="12" height="12" pre="0" post="-2" />
    <char name="ア" x="12" y="60" width="12" height="12" pre="0" post="-1" />
    <char name="あ" x="24" y="60" width="12" height="12" pre="0" post="0" />
    <char name="イ" x="36" y="60" width="12" height="12" pre="0" post="-2" />
    <char name="い" x="48" y="60" width="12" height="12" pre="0" post="-1" />
    <char name="エ" x="60" y="60" width="12" height="12" pre="0" post="-1" />
    <char name="え" x="72" y="60" width="12" height="12" pre="0" post="-1" />
    <char name="オ" x="84" y="60" width="12" height="12" pre="0" post="-1" />
    <char name="お" x="96" y="60" width="12" height="12" pre="0" post="0" />
    <char name="ナ" x="108" y="60" width="12" height="12" pre="0" post="-2" />
    <char name="な" x="120" y="60" width="12" height="12" pre="0" post="0" />
    <char name="ニ" x="132" y="60" width="12" height="12" pre="0" post="-1" />
    <char name="に" x="144" y="60" width="12" height="12" pre="0" post="-2" />
    <char name="ぬ" x="168" y="60" width="12" height="12" pre="0" post="0" />
    <char name="ネ" x="180" y="60" width="12" height="12" pre="0" post="-1" />
    <char name="ね" x="192" y="60" width="12" height="12" pre="0" post="0" />
    <char name="ノ" x="204" y="60" width="12" height="12" pre="0" post="-3" />
    <char name="の" x="216" y="60" width="12" height="12" pre="0" post="-1" />
    <char name="マ" x="228" y="60" width="12" height="12" pre="0" post="-2" />
    <char name="ま" x="240" y="60" width="12" height="12" pre="0" post="0" />
    <char name="ミ" x="0" y="72" width="12" height="12" pre="0" post="-3" />
    <char name="み" x="12" y="72" width="12" height="12" pre="0" post="0" />
    <char name="ム" x="24" y="72" width="12" height="12" pre="0" post="-1" />
    <char name="む" x="36" y="72" width="12" height="12" pre="0" post="-1" />
    <char name="メ" x="48" y="72" width="12" height="12" pre="0" post="-2" />
    <char name="め" x="60" y="72" width="12" height="12" pre="0" post="-1" />
    <char name="モ" x="72" y="72" width="12" height="12" pre="0" post="-1" />
    <char name="も" x="84" y="72" width="12" height="12" pre="0" post="-2" />
    <char name="ラ" x="96" y="72" width="12" height="12" pre="0" post="-2" />
    <char name="ら" x="108" y="72" width="12" height="12" pre="0" post="-3" />
    <char name="リ" x="120" y="72" width="12" height="12" pre="0" post="-4" />
    <char name="り" x="132" y="72" width="12" height="12" pre="0" post="-4" />
    <char name="ル" x="144" y="72" width="12" height="12" pre="0" post="-1" />
    <char name="る" x="156" y="72" width="12" height="12" pre="0" post="-2" />
    <char name="レ" x="168" y="72" width="12" height="12" pre="0" post="-4" />
    <char name="れ" x="180" y="72" width="12" height="12" pre="0" post="-1" />
    <char name="ロ" x="192" y="72" width="12" height="12" pre="0" post="-3" />
    <char name="ろ" x="204" y="72" width="12" height="12" pre="0" post="-2" />
    <char name="ヤ" x="216" y="72" width="12" height="12" pre="0" post="-1" />
    <char name="や" x="228" y="72" width="12" height="12" pre="0" post="-1" />
    <char name="ユ" x="240" y="72" width="12" height="12" pre="0" post="-1" />
    <char name="よ" x="24" y="84" width="12" height="12" pre="0" post="-2" />
    <char name="ワ" x="36" y="84" width="12" height="12" pre="0" post="-2" />
    <char name="わ" x="48" y="84" width="12" height="12" pre="0" post="0" />
    <char name="ン" x="60" y="84" width="12" height="12" pre="0" post="-2" />
    <char name="ん" x="72" y="84" width="12" height="12" pre="0" post="-1" />
    <char name="を" x="96" y="84" width="12" height="12" pre="0" post="-2" />
    <char name="ッ" x="108" y="84" width="12" height="12" pre="0" post="-3" />
    <char name="っ" x="120" y="84" width="12" height="12" pre="0" post="-4" />
    <char name="ャ" x="132" y="84" width="12" height="12" pre="0" post="-3" />
    <char name="ゃ" x="144" y="84" width="12" height="12" pre="0" post="-3" />
    <char name="ュ" x="156" y="84" width="12" height="12" pre="0" post="-3" />
    <char name="ゅ" x="168" y="84" width="12" height="12" pre="0" post="-3" />
    <char name="ョ" x="180" y="84" width="12" height="12" pre="0" post="-5" />
    <char name="ょ" x="192" y="84" width="12" height="12" pre="0" post="-4" />
    <char name="ァ" x="204" y="84" width="12" height="12" pre="0" post="-4" />
    <char name="ぁ" x="216" y="84" width="12" height="12" pre="0" post="-3" />
    <char name="ィ" x="228" y="84" width="12" height="12" pre="0" post="-4" />
    <char name="ゥ" x="0" y="96" width="12" height="12" pre="0" post="-5" />
    <char name="ェ" x="24" y="96" width="12" height="12" pre="0" post="-3" />
    <char name="ぇ" x="36" y="96" width="12" height="12" pre="0" post="-4" />
    <char name="ぉ" x="60" y="96" width="12" height="12" pre="0" post="-2" />
    <char name="！" x="72" y="96" width="12" height="12" pre="2" post="-7" />
    <char name="？" x="84" y="96" width="12" height="12" pre="1" post="-3" />
    <char name="『" x="96" y="96" width="12" height="12" pre="2" post="-3" />
    <char name="』" x="108" y="96" width="12" height="12" pre="2" post="-2" />
    <char name="A" x="144" y="96" width="12" height="12" pre="0" post="-2" />
    <char name="B" x="156" y="96" width="12" height="12" pre="0" post="-3" />
    <char name="C" x="168" y="96" width="12" height="12" pre="0" post="-3" />
    <char name="D" x="180" y="96" width="12" height="12" pre="0" post="-3" />
    <char name="E" x="192" y="96" width="12" height="12" pre="0" post="-3" />
    <char name="F" x="204" y="96" width="12" height="12" pre="0" post="-3" />
    <char name="G" x="216" y="96" width="12" height="12" pre="0" post="-3" />
    <char name="H" x="228" y="96" width="12" height="12" pre="0" post="-3" />
    <char name="I" x="240" y="96" width="12" height="12" pre="2" post="-7" />
    <char name="J" x="0" y="108" width="12" height="12" pre="0" post="-5" />
    <char name="K" x="12" y="108" width="12" height="12" pre="0" post="-4" />
    <char name="L" x="24" y="108" width="12" height="12" pre="0" post="-3" />
    <char name="M" x="36" y="108" width="12" height="12" pre="0" post="-1" />
    <char name="N" x="48" y="108" width="12" height="12" pre="0" post="-3" />
    <char name="O" x="60" y="108" width="12" height="12" pre="0" post="-3" />
    <char name="P" x="72" y="108" width="12" height="12" pre="0" post="-3" />
    <char name="Q" x="84" y="108" width="12" height="12" pre="0" post="-2" />
    <char name="R" x="96" y="108" width="12" height="12" pre="0" post="-3" />
    <char name="S" x="108" y="108" width="12" height="12" pre="0" post="-3" />
    <char name="T" x="120" y="108" width="12" height="12" pre="0" post="-1" />
    <char name="・" x="204" y="108" width="12" height="12" pre="2" post="-6" />
    <char name="ー" x="228" y="108" width="12" height="12" pre="0" post="-3" />
    <char name="~" x="240" y="108" width="12" height="12" pre="0" post="1" />
    <char name="…" x="0" y="120" width="12" height="12" pre="0" post="0" />
    <char name="【" x="60" y="120" width="12" height="12" pre="0" post="-6" />
    <char name="】" x="72" y="120" width="12" height="12" pre="0" post="-6" />
    <char name="「" x="132" y="120" width="12" height="12" pre="2" post="-4" />
    <char name="」" x="144" y="120" width="12" height="12" pre="2" post="-4" />
    <char name="（" x="156" y="120" width="12" height="12" pre="2" post="-4" />
    <char name="）" x="168" y="120" width="12" height="12" pre="2" post="-4" />
    <char name="爆" x="132" y="144" width="12" height="12" pre="0" post="1" />
    <char name="使" x="144" y="144" width="12" height="12" pre="0" post="1" />
    <char name="破" x="0" y="156" width="12" height="12" pre="0" post="1" />
    <char name="晄" x="12" y="156" width="12" height="12" pre="0" post="1" />
    <char name="撃" x="24" y="156" width="12" height="12" pre="0" post="1" />
    <char name="武" x="120" y="156" width="12" height="12" pre="0" post="1" />
    <char name="神" x="132" y="156" width="12" height="12" pre="0" post="1" />
    <char name="風" x="168" y="156" width="12" height="12" pre="0" post="1" />
    <char name="気" x="192" y="156" width="12" height="12" pre="0" post="1" />
    <char name="守" x="12" y="168" width="12" height="12" pre="0" post="1" />
    <char name="命" x="36" y="168" width="12" height="12" pre="0" post="1" />
    <char name="動" x="60" y="168" width="12" height="12" pre="0" post="1" />
    <char name="面" x="132" y="168" width="12" height="12" pre="0" post="1" />
    <char name="合" x="180" y="168" width="12" height="12" pre="0" post="1" />
    <char name="明" x="228" y="168" width="12" height="12" pre="0" post="1" />
    <char name="抜" x="12" y="180" width="12" height="12" pre="0" post="1" />
    <char name="一" x="108" y="180" width="12" height="12" pre="0" post="1" />
    <char name="者" x="132" y="180" width="12" height="12" pre="0" post="1" />
    <char name="羅" x="168" y="180" width="12" height="12" pre="0" post="1" />
    <char name="備" x="216" y="180" width="12" height="12" pre="0" post="1" />
    <char name="器" x="228" y="180" width="12" height="12" pre="0" post="1" />
    <char name="魔" x="0" y="192" width="12" height="12" pre="0" post="1" />
    <char name="法" x="12" y="192" width="12" height="12" pre="0" post="1" />
    <char name="出" x="72" y="192" width="12" height="12" pre="0" post="1" />
    <char name="持" x="84" y="192" width="12" height="12" pre="0" post="1" />
    <char name="相" x="96" y="192" width="12" height="12" pre="0" post="1" />
    <char name="手" x="108" y="192" width="12" height="12" pre="0" post="1" />
    <char name="方" x="240" y="192" width="12" height="12" pre="0" post="1" />
    <char name="行" x="0" y="204" width="12" height="12" pre="0" post="1" />
    <char name="定" x="24" y="204" width="12" height="12" pre="0" post="1" />
    <char name="前" x="60" y="204" width="12" height="12" pre="0" post="1" />
    <char name="真" x="72" y="204" width="12" height="12" pre="0" post="1" />
    <char name="覚" x="96" y="204" width="12" height="12" pre="0" post="1" />
    <char name="列" x="108" y="204" width="12" height="12" pre="0" post="1" />
    <char name="後" x="120" y="204" width="12" height="12" pre="0" post="1" />
    <char name="回" x="192" y="204" width="12" height="12" pre="0" post="1" />
    <char name="続" x="216" y="204" width="12" height="12" pre="0" post="1" />
    <char name="敵" x="228" y="204" width="12" height="12" pre="0" post="1" />
    <char name="尾" x="36" y="216" width="12" height="12" pre="0" post="1" />
    <char name="興" x="120" y="216" width="12" height="12" pre="0" post="0" />
    <char name="弾" x="240" y="216" width="12" height="12" pre="0" post="1" />
    <char name="時" x="36" y="228" width="12" height="12" pre="0" post="1" />
    <char name="戦" x="72" y="228" width="12" height="12" pre="0" post="1" />
    <char name="冷" x="144" y="228" width="12" height="12" pre="0" post="1" />
    <char name="質" x="240" y="228" width="12" height="12" pre="0" post="1" />
    <char name="反" x="36" y="240" width="12" height="12" pre="0" post="1" />
    <char name="目" x="60" y="240" width="12" height="12" pre="0" post="-2" />
    <char name="力" x="96" y="240" width="12" height="12" pre="0" post="0" />
    <char name="兵" x="180" y="240" width="12" height="12" pre="0" post="1" />
    <char name="花" x="280" y="0" width="12" height="12" pre="0" post="1" />
    <char name="下" x="352" y="0" width="12" height="12" pre="0" post="1" />
    <char name="入" x="376" y="0" width="12" height="12" pre="0" post="1" />
    <char name="先" x="388" y="0" width="12" height="12" pre="0" post="1" />
    <char name="不" x="400" y="0" width="12" height="12" pre="0" post="1" />
    <char name="子" x="412" y="0" width="12" height="12" pre="0" post="1" />
    <char name="供" x="424" y="0" width="12" height="12" pre="0" post="1" />
    <char name="屋" x="436" y="0" width="12" height="12" pre="0" post="1" />
    <char name="階" x="256" y="12" width="12" height="12" pre="0" post="1" />
    <char name="部" x="292" y="12" width="12" height="12" pre="0" post="1" />
    <char name="場" x="316" y="12" width="12" height="12" pre="0" post="1" />
    <char name="仲" x="340" y="12" width="12" height="12" pre="0" post="1" />
    <char name="間" x="352" y="12" width="12" height="12" pre="0" post="1" />
    <char name="限" x="388" y="12" width="12" height="12" pre="0" post="1" />
    <char name="何" x="472" y="12" width="12" height="12" pre="0" post="1" />
    <char name="料" x="496" y="12" width="12" height="12" pre="0" post="1" />
    <char name="上" x="268" y="24" width="12" height="12" pre="0" post="1" />
    <char name="事" x="292" y="24" width="12" height="12" pre="0" post="1" />
    <char name="奥" x="400" y="24" width="12" height="12" pre="0" post="1" />
    <char name="村" x="460" y="24" width="12" height="12" pre="0" post="1" />
    <char name="車" x="484" y="36" width="12" height="12" pre="0" post="1" />
    <char name="螺" x="328" y="48" width="12" height="12" pre="0" post="1" />
    <char name="具" x="412" y="48" width="12" height="12" pre="0" post="1" />
    <char name="状" x="304" y="60" width="12" height="12" pre="0" post="1" />
    <char name="態" x="316" y="60" width="12" height="12" pre="0" post="1" />
    <char name="開" x="448" y="60" width="12" height="12" pre="0" post="1" />
    <char name="同" x="292" y="72" width="12" height="12" pre="0" post="1" />
    <char name="味" x="376" y="72" width="12" height="12" pre="0" post="1" />
    <char name="倍" x="424" y="72" width="12" height="12" pre="0" post="1" />
    <char name="人" x="484" y="72" width="12" height="12" pre="0" post="1" />
    <char name="今" x="496" y="72" width="12" height="12" pre="0" post="1" />
    <char name="当" x="280" y="84" width="12" height="12" pre="0" post="-1" />
    <char name="飛" x="316" y="84" width="12" height="12" pre="0" post="1" />
    <char name="以" x="328" y="84" width="12" height="12" pre="0" post="1" />
    <char name="外" x="340" y="84" width="12" height="12" pre="0" post="1" />
    <char name="身" x="388" y="84" width="12" height="12" pre="0" post="1" />
    <char name="旋" x="412" y="84" width="12" height="12" pre="0" post="1" />
    <char name="機" x="460" y="84" width="12" height="12" pre="0" post="1" />
    <char name="械" x="472" y="84" width="12" height="12" pre="0" post="1" />
    <char name="炉" x="496" y="84" width="12" height="12" pre="0" post="1" />
    <char name="新" x="256" y="96" width="12" height="12" pre="0" post="1" />
    <char name="両" x="268" y="96" width="12" height="12" pre="0" post="1" />
    <char name="本" x="280" y="96" width="12" height="12" pre="0" post="1" />
    <char name="君" x="292" y="96" width="12" height="12" pre="0" post="1" />
    <char name="内" x="316" y="96" width="12" height="12" pre="0" post="1" />
    <char name="作" x="328" y="96" width="12" height="12" pre="0" post="1" />
    <char name="警" x="340" y="96" width="12" height="12" pre="0" post="1" />
    <char name="特" x="352" y="96" width="12" height="12" pre="0" post="1" />
    <char name="穴" x="400" y="96" width="12" height="12" pre="0" post="1" />
    <char name="足" x="472" y="96" width="12" height="12" pre="0" post="1" />
    <char name="長" x="352" y="108" width="12" height="12" pre="0" post="1" />
    <char name="塔" x="388" y="108" width="12" height="12" pre="0" post="1" />
    <char name="見" x="472" y="108" width="12" height="12" pre="0" post="1" />
    <char name="元" x="304" y="120" width="12" height="12" pre="0" post="1" />
    <char name="終" x="352" y="120" width="12" height="12" pre="0" post="1" />
    <char name="名" x="388" y="120" width="12" height="12" pre="0" post="1" />
    <char name="成" x="436" y="120" width="12" height="12" pre="0" post="1" />
    <char name="記" x="280" y="132" width="12" height="12" pre="0" post="1" />
    <char name="選" x="304" y="132" width="12" height="12" pre="0" post="1" />
    <char name="番" x="316" y="132" width="12" height="12" pre="0" post="1" />
    <char name="街" x="328" y="132" width="12" height="12" pre="0" post="1" />
    <char name="墓" x="448" y="132" width="12" height="12" pre="0" post="1" />
    <char name="心" x="460" y="132" width="12" height="12" pre="0" post="1" />
    <char name="道" x="268" y="144" width="12" height="12" pre="0" post="1" />
    <char name="巻" x="328" y="144" width="12" height="12" pre="0" post="1" />
    <char name="予" x="460" y="144" width="12" height="12" pre="0" post="1" />
    <char name="落" x="484" y="144" width="12" height="12" pre="0" post="1" />
    <char name="日" x="328" y="156" width="12" height="12" pre="0" post="-2" />
    <char name="温" x="340" y="168" width="12" height="12" pre="0" post="1" />
    <char name="危" x="484" y="168" width="12" height="12" pre="0" post="1" />
    <char name="言" x="304" y="180" width="12" height="12" pre="0" post="1" />
    <char name="失" x="400" y="180" width="12" height="12" pre="0" post="1" />
    <char name="敗" x="412" y="180" width="12" height="12" pre="0" post="1" />
    <char name="押" x="364" y="192" width="12" height="12" pre="0" post="1" />
    <char name="教" x="412" y="192" width="12" height="12" pre="0" post="1" />
    <char name="参" x="328" y="204" width="12" height="12" pre="0" post="1" />
    <char name="知" x="340" y="204" width="12" height="12" pre="0" post="1" />
    <char name="聞" x="352" y="204" width="12" height="12" pre="0" post="1" />
    <char name="仕" x="376" y="204" width="12" height="12" pre="0" post="1" />
    <char name="別" x="388" y="204" width="12" height="12" pre="0" post="1" />
    <char name="集" x="400" y="204" width="12" height="12" pre="0" post="1" />
    <char name="信" x="412" y="204" width="12" height="12" pre="0" post="1" />
    <char name="用" x="424" y="204" width="12" height="12" pre="0" post="1" />
    <char name="早" x="292" y="216" width="12" height="12" pre="0" post="1" />
    <char name="話" x="352" y="216" width="12" height="12" pre="0" post="1" />
    <char name="帰" x="364" y="216" width="12" height="12" pre="0" post="1" />
    <char name="売" x="424" y="216" width="12" height="12" pre="0" post="1" />
    <char name="浮" x="436" y="216" width="12" height="12" pre="0" post="1" />
    <char name="加" x="460" y="216" width="12" height="12" pre="0" post="1" />
    <char name="約" x="484" y="216" width="12" height="12" pre="0" post="1" />
    <char name="礼" x="256" y="228" width="12" height="12" pre="0" post="1" />
    <char name="束" x="268" y="228" width="12" height="12" pre="0" post="1" />
    <char name="男" x="292" y="228" width="12" height="12" pre="0" post="1" />
    <char name="立" x="340" y="228" width="12" height="12" pre="0" post="1" />
    <char name="俺" x="364" y="228" width="12" height="12" pre="0" post="1" />
    <char name="私" x="412" y="228" width="12" height="12" pre="0" post="1" />
    <char name="倒" x="448" y="228" width="12" height="12" pre="0" post="1" />
    <char name="休" x="460" y="228" width="12" height="12" pre="0" post="1" />
    <char name="助" x="256" y="240" width="12" height="12" pre="0" post="1" />
    <char name="説" x="412" y="240" width="12" height="12" pre="0" post="1" />
    <char name="柱" x="448" y="240" width="12" height="12" pre="0" post="1" />
    <char name="伝" x="12" y="132" width="12" height="12" pre="0" post="1" />
    <char name="探" x="36" y="132" width="12" height="12" pre="0" post="1" />
    <char name="苦" x="192" y="132" width="12" height="12" pre="0" post="1" />
    <char name="困" x="216" y="132" width="12" height="12" pre="0" post="1" />
    <char name="客" x="24" y="144" width="12" height="12" pre="0" post="1" />
    <char name="夫" x="144" y="144" width="12" height="12" pre="0" post="1" />
    <char name="貸" x="228" y="144" width="12" height="12" pre="0" post="1" />
    <char name="保" x="48" y="156" width="12" height="12" pre="0" post="1" />
    <char name="帯" x="60" y="156" width="12" height="12" pre="0" post="1" />
    <char name="襲" x="144" y="156" width="12" height="12" pre="0" post="1" />
    <char name="次" x="168" y="156" width="12" height="12" pre="0" post="1" />
    <char name="素" x="192" y="156" width="12" height="12" pre="0" post="1" />
    <char name="買" x="72" y="168" width="12" height="12" pre="0" post="0" />
    <char name="幼" x="120" y="168" width="12" height="12" pre="0" post="1" />
    <char name="禁" x="0" y="180" width="12" height="12" pre="0" post="1" />
    <char name="店" x="156" y="180" width="12" height="12" pre="0" post="1" />
    <char name="緊" x="204" y="180" width="12" height="12" pre="0" post="1" />
    <char name="研" x="216" y="180" width="12" height="12" pre="0" post="1" />
    <char name="暇" x="0" y="192" width="12" height="12" pre="0" post="1" />
    <char name="駅" x="84" y="192" width="12" height="12" pre="0" post="1" />
    <char name="製" x="132" y="204" width="12" height="12" pre="0" post="1" />
    <char name="録" x="240" y="204" width="12" height="12" pre="0" post="1" />
    <char name="協" x="120" y="216" width="12" height="12" pre="0" post="1" />
    <char name="躍" x="228" y="216" width="12" height="12" pre="0" post="1" />
    <char name="到" x="36" y="228" width="12" height="12" pre="0" post="1" />
    <char name="功" x="36" y="240" width="12" height="12" pre="0" post="1" />
    <char name="酒" x="156" y="240" width="12" height="12" pre="0" post="1" />
    <char name="給" x="292" y="132" width="12" height="12" pre="0" post="1" />
    <char name="断" x="340" y="132" width="12" height="12" pre="0" post="1" />
    <char name="油" x="376" y="132" width="12" height="12" pre="0" post="1" />
    <char name="僕" x="400" y="132" width="12" height="12" pre="0" post="1" />
    <char name="存" x="412" y="132" width="12" height="12" pre="0" post="1" />
    <char name="例" x="472" y="144" width="12" height="12" pre="0" post="1" />
    <char name="増" x="400" y="156" width="12" height="12" pre="0" post="1" />
    <char name="貴" x="496" y="168" width="12" height="12" pre="0" post="1" />
    <char name="噂" x="328" y="180" width="12" height="12" pre="0" post="1" />
    <char name="壱" x="340" y="180" width="12" height="12" pre="0" post="1" />
    <char name="侵" x="268" y="192" width="12" height="12" pre="0" post="1" />
    <char name="謝" x="436" y="192" width="12" height="12" pre="0" post="1" />
    <char name="価" x="484" y="192" width="12" height="12" pre="0" post="1" />
    <char name="欠" x="496" y="192" width="12" height="12" pre="0" post="1" />
    <char name="寄" x="256" y="204" width="12" height="12" pre="0" post="1" />
    <char name="忙" x="268" y="204" width="12" height="12" pre="0" post="1" />
    <char name="五" x="292" y="204" width="12" height="12" pre="0" post="1" />
    <char name="度" x="400" y="204" width="12" height="12" pre="0" post="1" />
    <char name="誘" x="460" y="204" width="12" height="12" pre="0" post="1" />
    <char name="輩" x="496" y="204" width="12" height="12" pre="0" post="1" />
    <char name="試" x="316" y="216" width="12" height="12" pre="0" post="1" />
    <char name="牲" x="484" y="216" width="12" height="12" pre="0" post="1" />
    <char name="秀" x="472" y="228" width="12" height="12" pre="0" post="1" />
    <char name="軽" x="496" y="228" width="12" height="12" pre="0" post="1" />
    <char name="刻" x="472" y="240" width="12" height="12" pre="0" post="1" />
</font>
