﻿<font name="FFVIIFont" image="fonts/ffvii_en.png" image_size="256 256" height="16">
    <char name=" " x="0" y="0" width="12" height="12" pre="0" post="-9" />
    <char name="!" x="12" y="0" width="12" height="12" pre="2" post="-7" />
    <char name="&quot;" x="24" y="0" width="12" height="12" pre="2" post="-4" />
    <char name="#" x="36" y="0" width="12" height="12" pre="0" post="-2" />
    <char name="$" x="48" y="0" width="12" height="12" pre="0" post="-5" />
    <char name="%" x="60" y="0" width="12" height="12" pre="0" post="-2" />
    <char name="&" x="72" y="0" width="12" height="12" pre="0" post="-3" />
    <char name="'" x="84" y="0" width="12" height="12" pre="0" post="-9" />
    <char name="(" x="96" y="0" width="12" height="12" pre="2" post="-4" />
    <char name=")" x="108" y="0" width="12" height="12" pre="2" post="-4" />
    <char name="*" x="120" y="0" width="12" height="12" pre="0" post="-5" />
    <char name="+" x="132" y="0" width="12" height="12" pre="0" post="-5" />
    <char name="," x="144" y="0" width="12" height="12" pre="1" post="-5" />
    <char name="-" x="156" y="0" width="12" height="12" pre="0" post="-7" />
    <char name="." x="168" y="0" width="12" height="12" pre="1" post="-6" />
    <char name="/" x="180" y="0" width="12" height="12" pre="0" post="-6" />
    <char name="0" x="192" y="0" width="12" height="12" pre="0" post="-4" />
    <char name="1" x="204" y="0" width="12" height="12" pre="2" post="-5" />
    <char name="2" x="216" y="0" width="12" height="12" pre="0" post="-4" />
    <char name="3" x="228" y="0" width="12" height="12" pre="0" post="-4" />
    <char name="4" x="240" y="0" width="12" height="12" pre="0" post="-4" />
    <char name="5" x="0" y="12" width="12" height="12" pre="0" post="-4" />
    <char name="6" x="12" y="12" width="12" height="12" pre="0" post="-4" />
    <char name="7" x="24" y="12" width="12" height="12" pre="0" post="-4" />
    <char name="8" x="36" y="12" width="12" height="12" pre="0" post="-4" />
    <char name="9" x="48" y="12" width="12" height="12" pre="0" post="-4" />
    <char name=":" x="60" y="12" width="12" height="12" pre="2" post="-7" />
    <char name=";" x="72" y="12" width="12" height="12" pre="0" post="-8" />
    <char name="<" x="84" y="12" width="12" height="12" pre="0" post="-5" />
    <char name="=" x="96" y="12" width="12" height="12" pre="0" post="-4" />
    <char name=">" x="108" y="12" width="12" height="12" pre="0" post="-5" />
    <char name="?" x="120" y="12" width="12" height="12" pre="1" post="-5" />
    <char name="@" x="132" y="12" width="12" height="12" pre="0" post="-2" />
    <char name="A" x="144" y="12" width="12" height="12" pre="0" post="-3" />
    <char name="B" x="156" y="12" width="12" height="12" pre="0" post="-5" />
    <char name="C" x="168" y="12" width="12" height="12" pre="0" post="-4" />
    <char name="D" x="180" y="12" width="12" height="12" pre="0" post="-4" />
    <char name="E" x="192" y="12" width="12" height="12" pre="0" post="-5" />
    <char name="F" x="204" y="12" width="12" height="12" pre="0" post="-5" />
    <char name="G" x="216" y="12" width="12" height="12" pre="0" post="-4" />
    <char name="H" x="228" y="12" width="12" height="12" pre="0" post="-4" />
    <char name="I" x="240" y="12" width="12" height="12" pre="0" post="-9" />
    <char name="J" x="0" y="24" width="12" height="12" pre="0" post="-6" />
    <char name="K" x="12" y="24" width="12" height="12" pre="0" post="-5" />
    <char name="L" x="24" y="24" width="12" height="12" pre="0" post="-5" />
    <char name="M" x="36" y="24" width="12" height="12" pre="0" post="-1" />
    <char name="N" x="48" y="24" width="12" height="12" pre="0" post="-4" />
    <char name="O" x="60" y="24" width="12" height="12" pre="0" post="-3" />
    <char name="P" x="72" y="24" width="12" height="12" pre="0" post="-5" />
    <char name="Q" x="84" y="24" width="12" height="12" pre="0" post="-3" />
    <char name="R" x="96" y="24" width="12" height="12" pre="0" post="-5" />
    <char name="S" x="108" y="24" width="12" height="12" pre="0" post="-5" />
    <char name="T" x="120" y="24" width="12" height="12" pre="0" post="-5" />
    <char name="U" x="132" y="24" width="12" height="12" pre="0" post="-4" />
    <char name="V" x="144" y="24" width="12" height="12" pre="0" post="-3" />
    <char name="W" x="156" y="24" width="12" height="12" pre="0" post="-1" />
    <char name="X" x="168" y="24" width="12" height="12" pre="0" post="-4" />
    <char name="Y" x="180" y="24" width="12" height="12" pre="0" post="-3" />
    <char name="Z" x="192" y="24" width="12" height="12" pre="0" post="-5" />
    <char name="[" x="204" y="24" width="12" height="12" pre="0" post="-8" />
    <char name="\" x="216" y="24" width="12" height="12" pre="0" post="-6" />
    <char name="]" x="228" y="24" width="12" height="12" pre="0" post="-8" />
    <char name="^" x="240" y="24" width="12" height="12" pre="0" post="-5" />
    <char name="_" x="0" y="36" width="12" height="12" pre="0" post="-4" />
    <char name="`" x="12" y="36" width="12" height="12" pre="0" post="-8" />
    <char name="a" x="24" y="36" width="12" height="12" pre="0" post="-5" />
    <char name="b" x="36" y="36" width="12" height="12" pre="0" post="-5" />
    <char name="c" x="48" y="36" width="12" height="12" pre="0" post="-6" />
    <char name="d" x="60" y="36" width="12" height="12" pre="0" post="-5" />
    <char name="e" x="72" y="36" width="12" height="12" pre="0" post="-5" />
    <char name="f" x="84" y="36" width="12" height="12" pre="0" post="-6" />
    <char name="g" x="96" y="36" width="12" height="12" pre="0" post="-5" />
    <char name="h" x="108" y="36" width="12" height="12" pre="0" post="-5" />
    <char name="i" x="120" y="36" width="12" height="12" pre="0" post="-9" />
    <char name="j" x="132" y="36" width="12" height="12" pre="0" post="-8" />
    <char name="k" x="144" y="36" width="12" height="12" pre="0" post="-6" />
    <char name="l" x="156" y="36" width="12" height="12" pre="0" post="-9" />
    <char name="m" x="168" y="36" width="12" height="12" pre="0" post="-1" />
    <char name="n" x="180" y="36" width="12" height="12" pre="0" post="-5" />
    <char name="o" x="192" y="36" width="12" height="12" pre="0" post="-5" />
    <char name="p" x="204" y="36" width="12" height="12" pre="0" post="-5" />
    <char name="q" x="216" y="36" width="12" height="12" pre="0" post="-5" />
    <char name="r" x="228" y="36" width="12" height="12" pre="0" post="-7" />
    <char name="s" x="240" y="36" width="12" height="12" pre="0" post="-6" />
    <char name="t" x="0" y="48" width="12" height="12" pre="0" post="-6" />
    <char name="u" x="12" y="48" width="12" height="12" pre="0" post="-5" />
    <char name="v" x="24" y="48" width="12" height="12" pre="0" post="-5" />
    <char name="w" x="36" y="48" width="12" height="12" pre="0" post="-1" />
    <char name="x" x="48" y="48" width="12" height="12" pre="0" post="-5" />
    <char name="y" x="60" y="48" width="12" height="12" pre="0" post="-5" />
    <char name="z" x="72" y="48" width="12" height="12" pre="0" post="-6" />
    <char name="…" x="12" y="96" width="12" height="12" pre="0" post="-3" />
    <char name="“" x="120" y="96" width="12" height="12" pre="0" post="-6" />
    <char name="”" x="132" y="96" width="12" height="12" pre="0" post="-6" />
</font>
