﻿<font name="FFVIIMenuFont" image="fonts/ffvii_menu.png" image_size="128 256" height="16">
    <char name="0" x="24" y="0" width="8" height="16" pre="0" post="0" />
    <char name="1" x="32" y="0" width="8" height="16" pre="0" post="0" />
    <char name="2" x="40" y="0" width="8" height="16" pre="0" post="0" />
    <char name="3" x="48" y="0" width="8" height="16" pre="0" post="0" />
    <char name="4" x="56" y="0" width="8" height="16" pre="0" post="0" />
    <char name="5" x="64" y="0" width="8" height="16" pre="0" post="0" />
    <char name="6" x="72" y="0" width="8" height="16" pre="0" post="0" />
    <char name="7" x="80" y="0" width="8" height="16" pre="0" post="0" />
    <char name="8" x="88" y="0" width="8" height="16" pre="0" post="0" />
    <char name="9" x="96" y="0" width="8" height="16" pre="0" post="0" />
    <char name="、" x="104" y="0" width="8" height="16" pre="0" post="0" />
    <char name="。" x="112" y="0" width="8" height="16" pre="0" post="0" />
    <char name=" " x="120" y="0" width="8" height="16" pre="0" post="0" />
    <char name="ハ" x="0" y="16" width="8" height="16" pre="0" post="0" />
    <char name="は" x="8" y="16" width="8" height="16" pre="0" post="0" />
    <char name="ヒ" x="16" y="16" width="8" height="16" pre="0" post="0" />
    <char name="ひ" x="24" y="16" width="8" height="16" pre="0" post="0" />
    <char name="フ" x="32" y="16" width="8" height="16" pre="0" post="0" />
    <char name="ふ" x="40" y="16" width="8" height="16" pre="0" post="0" />
    <char name="ヘ" x="48" y="16" width="8" height="16" pre="0" post="0" />
    <char name="へ" x="56" y="16" width="8" height="16" pre="0" post="0" />
    <char name="ホ" x="64" y="16" width="8" height="16" pre="0" post="0" />
    <char name="ほ" x="72" y="16" width="8" height="16" pre="0" post="0" />
    <char name="カ" x="80" y="16" width="8" height="16" pre="0" post="0" />
    <char name="か" x="88" y="16" width="8" height="16" pre="0" post="0" />
    <char name="キ" x="96" y="16" width="8" height="16" pre="0" post="0" />
    <char name="き" x="104" y="16" width="8" height="16" pre="0" post="0" />
    <char name="ク" x="112" y="16" width="8" height="16" pre="0" post="0" />
    <char name="く" x="120" y="16" width="8" height="16" pre="0" post="0" />
    <char name="ケ" x="0" y="32" width="8" height="16" pre="0" post="0" />
    <char name="け" x="8" y="32" width="8" height="16" pre="0" post="0" />
    <char name="コ" x="16" y="32" width="8" height="16" pre="0" post="0" />
    <char name="こ" x="24" y="32" width="8" height="16" pre="0" post="0" />
    <char name="サ" x="32" y="32" width="8" height="16" pre="0" post="0" />
    <char name="さ" x="40" y="32" width="8" height="16" pre="0" post="0" />
    <char name="シ" x="48" y="32" width="8" height="16" pre="0" post="0" />
    <char name="し" x="56" y="32" width="8" height="16" pre="0" post="0" />
    <char name="ス" x="64" y="32" width="8" height="16" pre="0" post="0" />
    <char name="す" x="72" y="32" width="8" height="16" pre="0" post="0" />
    <char name="セ" x="80" y="32" width="8" height="16" pre="0" post="0" />
    <char name="せ" x="88" y="32" width="8" height="16" pre="0" post="0" />
    <char name="ソ" x="96" y="32" width="8" height="16" pre="0" post="0" />
    <char name="そ" x="104" y="32" width="8" height="16" pre="0" post="0" />
    <char name="タ" x="112" y="32" width="8" height="16" pre="0" post="0" />
    <char name="た" x="120" y="32" width="8" height="16" pre="0" post="0" />
    <char name="チ" x="0" y="48" width="8" height="16" pre="0" post="0" />
    <char name="ち" x="8" y="48" width="8" height="16" pre="0" post="0" />
    <char name="ツ" x="16" y="48" width="8" height="16" pre="0" post="0" />
    <char name="つ" x="24" y="48" width="8" height="16" pre="0" post="0" />
    <char name="テ" x="32" y="48" width="8" height="16" pre="0" post="0" />
    <char name="て" x="40" y="48" width="8" height="16" pre="0" post="0" />
    <char name="ト" x="48" y="48" width="8" height="16" pre="0" post="0" />
    <char name="と" x="56" y="48" width="8" height="16" pre="0" post="0" />
    <char name="ウ" x="64" y="48" width="8" height="16" pre="0" post="0" />
    <char name="う" x="72" y="48" width="8" height="16" pre="0" post="0" />
    <char name="ア" x="80" y="48" width="8" height="16" pre="0" post="0" />
    <char name="あ" x="88" y="48" width="8" height="16" pre="0" post="0" />
    <char name="イ" x="96" y="48" width="8" height="16" pre="0" post="0" />
    <char name="い" x="104" y="48" width="8" height="16" pre="0" post="0" />
    <char name="エ" x="112" y="48" width="8" height="16" pre="0" post="0" />
    <char name="え" x="120" y="48" width="8" height="16" pre="0" post="0" />
    <char name="オ" x="0" y="64" width="8" height="16" pre="0" post="0" />
    <char name="お" x="8" y="64" width="8" height="16" pre="0" post="0" />
    <char name="ナ" x="16" y="64" width="8" height="16" pre="0" post="0" />
    <char name="な" x="24" y="64" width="8" height="16" pre="0" post="0" />
    <char name="ニ" x="32" y="64" width="8" height="16" pre="0" post="0" />
    <char name="に" x="40" y="64" width="8" height="16" pre="0" post="0" />
    <char name="ヌ" x="48" y="64" width="8" height="16" pre="0" post="0" />
    <char name="ぬ" x="56" y="64" width="8" height="16" pre="0" post="0" />
    <char name="ネ" x="64" y="64" width="8" height="16" pre="0" post="0" />
    <char name="ね" x="72" y="64" width="8" height="16" pre="0" post="0" />
    <char name="ノ" x="80" y="64" width="8" height="16" pre="0" post="0" />
    <char name="の" x="88" y="64" width="8" height="16" pre="0" post="0" />
    <char name="マ" x="96" y="64" width="8" height="16" pre="0" post="0" />
    <char name="ま" x="104" y="64" width="8" height="16" pre="0" post="0" />
    <char name="ミ" x="112" y="64" width="8" height="16" pre="0" post="0" />
    <char name="み" x="120" y="64" width="8" height="16" pre="0" post="0" />
    <char name="ム" x="0" y="80" width="8" height="16" pre="0" post="0" />
    <char name="む" x="8" y="80" width="8" height="16" pre="0" post="0" />
    <char name="メ" x="16" y="80" width="8" height="16" pre="0" post="0" />
    <char name="め" x="24" y="80" width="8" height="16" pre="0" post="0" />
    <char name="モ" x="32" y="80" width="8" height="16" pre="0" post="0" />
    <char name="も" x="40" y="80" width="8" height="16" pre="0" post="0" />
    <char name="ラ" x="48" y="80" width="8" height="16" pre="0" post="0" />
    <char name="ら" x="56" y="80" width="8" height="16" pre="0" post="0" />
    <char name="リ" x="64" y="80" width="8" height="16" pre="0" post="0" />
    <char name="り" x="72" y="80" width="8" height="16" pre="0" post="0" />
    <char name="ル" x="80" y="80" width="8" height="16" pre="0" post="0" />
    <char name="る" x="88" y="80" width="8" height="16" pre="0" post="0" />
    <char name="レ" x="96" y="80" width="8" height="16" pre="0" post="0" />
    <char name="れ" x="104" y="80" width="8" height="16" pre="0" post="0" />
    <char name="ロ" x="112" y="80" width="8" height="16" pre="0" post="0" />
    <char name="ろ" x="120" y="80" width="8" height="16" pre="0" post="0" />
    <char name="ヤ" x="0" y="96" width="8" height="16" pre="0" post="0" />
    <char name="や" x="8" y="96" width="8" height="16" pre="0" post="0" />
    <char name="ユ" x="16" y="96" width="8" height="16" pre="0" post="0" />
    <char name="ゆ" x="24" y="96" width="8" height="16" pre="0" post="0" />
    <char name="ヨ" x="32" y="96" width="8" height="16" pre="0" post="0" />
    <char name="よ" x="40" y="96" width="8" height="16" pre="0" post="0" />
    <char name="ワ" x="48" y="96" width="8" height="16" pre="0" post="0" />
    <char name="わ" x="56" y="96" width="8" height="16" pre="0" post="0" />
    <char name="ン" x="64" y="96" width="8" height="16" pre="0" post="0" />
    <char name="ん" x="72" y="96" width="8" height="16" pre="0" post="0" />
    <char name="ヲ" x="80" y="96" width="8" height="16" pre="0" post="0" />
    <char name="を" x="88" y="96" width="8" height="16" pre="0" post="0" />
    <char name="ッ" x="96" y="96" width="8" height="16" pre="0" post="0" />
    <char name="っ" x="104" y="96" width="8" height="16" pre="0" post="0" />
    <char name="ャ" x="112" y="96" width="8" height="16" pre="0" post="0" />
    <char name="ゃ" x="120" y="96" width="8" height="16" pre="0" post="0" />
    <char name="ュ" x="0" y="112" width="8" height="16" pre="0" post="0" />
    <char name="ゅ" x="8" y="112" width="8" height="16" pre="0" post="0" />
    <char name="ョ" x="16" y="112" width="8" height="16" pre="0" post="0" />
    <char name="ょ" x="24" y="112" width="8" height="16" pre="0" post="0" />
    <char name="ァ" x="32" y="112" width="8" height="16" pre="0" post="0" />
    <char name="ぁ" x="40" y="112" width="8" height="16" pre="0" post="0" />
    <char name="ィ" x="48" y="112" width="8" height="16" pre="0" post="0" />
    <char name="ぃ" x="56" y="112" width="8" height="16" pre="0" post="0" />
    <char name="ゥ" x="64" y="112" width="8" height="16" pre="0" post="0" />
    <char name="ぅ" x="72" y="112" width="8" height="16" pre="0" post="0" />
    <char name="ェ" x="80" y="112" width="8" height="16" pre="0" post="0" />
    <char name="ぇ" x="88" y="112" width="8" height="16" pre="0" post="0" />
    <char name="ォ" x="96" y="112" width="8" height="16" pre="0" post="0" />
    <char name="ぉ" x="104" y="112" width="8" height="16" pre="0" post="0" />
    <char name="！" x="112" y="112" width="8" height="16" pre="0" post="0" />
    <char name="？" x="120" y="112" width="8" height="16" pre="0" post="0" />
    <char name="!" x="112" y="112" width="8" height="16" pre="0" post="0" />
    <char name="?" x="120" y="112" width="8" height="16" pre="0" post="0" />
    <char name="『" x="0" y="128" width="8" height="16" pre="0" post="0" />
    <char name="』" x="8" y="128" width="8" height="16" pre="0" post="0" />
    <char name="." x="16" y="128" width="8" height="16" pre="0" post="0" />
    <char name="+" x="24" y="128" width="8" height="16" pre="0" post="0" />
    <char name="A" x="32" y="128" width="8" height="16" pre="0" post="0" />
    <char name="B" x="40" y="128" width="8" height="16" pre="0" post="0" />
    <char name="C" x="48" y="128" width="8" height="16" pre="0" post="0" />
    <char name="D" x="56" y="128" width="8" height="16" pre="0" post="0" />
    <char name="E" x="64" y="128" width="8" height="16" pre="0" post="0" />
    <char name="F" x="72" y="128" width="8" height="16" pre="0" post="0" />
    <char name="G" x="80" y="128" width="8" height="16" pre="0" post="0" />
    <char name="H" x="88" y="128" width="8" height="16" pre="0" post="0" />
    <char name="I" x="96" y="128" width="8" height="16" pre="0" post="0" />
    <char name="J" x="104" y="128" width="8" height="16" pre="0" post="0" />
    <char name="K" x="112" y="128" width="8" height="16" pre="0" post="0" />
    <char name="L" x="120" y="128" width="8" height="16" pre="0" post="0" />
    <char name="M" x="0" y="144" width="8" height="16" pre="0" post="0" />
    <char name="N" x="8" y="144" width="8" height="16" pre="0" post="0" />
    <char name="O" x="16" y="144" width="8" height="16" pre="0" post="0" />
    <char name="P" x="24" y="144" width="8" height="16" pre="0" post="0" />
    <char name="Q" x="32" y="144" width="8" height="16" pre="0" post="0" />
    <char name="R" x="40" y="144" width="8" height="16" pre="0" post="0" />
    <char name="S" x="48" y="144" width="8" height="16" pre="0" post="0" />
    <char name="T" x="56" y="144" width="8" height="16" pre="0" post="0" />
    <char name="U" x="64" y="144" width="8" height="16" pre="0" post="0" />
    <char name="V" x="72" y="144" width="8" height="16" pre="0" post="0" />
    <char name="W" x="80" y="144" width="8" height="16" pre="0" post="0" />
    <char name="X" x="88" y="144" width="8" height="16" pre="0" post="0" />
    <char name="Y" x="96" y="144" width="8" height="16" pre="0" post="0" />
    <char name="Z" x="104" y="144" width="8" height="16" pre="0" post="0" />
    <char name="・" x="112" y="144" width="8" height="16" pre="0" post="0" />
    <char name="ー" x="0" y="160" width="8" height="16" pre="0" post="0" />
    <char name="~" x="8" y="160" width="8" height="16" pre="0" post="0" />
    <char name="%" x="24" y="160" width="8" height="16" pre="0" post="0" />
    <char name="/" x="32" y="160" width="8" height="16" pre="0" post="0" />
    <char name=":" x="40" y="160" width="8" height="16" pre="0" post="0" />
    <char name="&" x="48" y="160" width="8" height="16" pre="0" post="0" />
    <char name="【" x="56" y="160" width="8" height="16" pre="0" post="0" />
    <char name="】" x="64" y="160" width="8" height="16" pre="0" post="0" />
    <char name="「" x="104" y="160" width="8" height="16" pre="0" post="0" />
    <char name="」" x="112" y="160" width="8" height="16" pre="0" post="0" />
    <char name="（" x="120" y="160" width="8" height="16" pre="0" post="0" />
    <char name="）" x="0" y="176" width="8" height="16" pre="0" post="0" />
    <char name="-" x="8" y="176" width="8" height="16" pre="0" post="0" />
    <char name="=" x="16" y="176" width="8" height="16" pre="0" post="0" />
    <char name="`" x="120" y="192" width="8" height="16" pre="0" post="0" />
    <char name="パ" x="0" y="192" width="8" height="16" pre="0" post="0" />
    <char name="ぱ" x="8" y="192" width="8" height="16" pre="0" post="0" />
    <char name="ピ" x="16" y="192" width="8" height="16" pre="0" post="0" />
    <char name="ぴ" x="24" y="192" width="8" height="16" pre="0" post="0" />
    <char name="プ" x="32" y="192" width="8" height="16" pre="0" post="0" />
    <char name="ぷ" x="40" y="192" width="8" height="16" pre="0" post="0" />
    <char name="ペ" x="48" y="192" width="8" height="16" pre="0" post="0" />
    <char name="ぺ" x="56" y="192" width="8" height="16" pre="0" post="0" />
    <char name="ポ" x="64" y="192" width="8" height="16" pre="0" post="0" />
    <char name="ぽ" x="72" y="192" width="8" height="16" pre="0" post="0" />
    <char name="バ" x="0" y="208" width="8" height="16" pre="0" post="0" />
    <char name="ば" x="8" y="208" width="8" height="16" pre="0" post="0" />
    <char name="ビ" x="16" y="208" width="8" height="16" pre="0" post="0" />
    <char name="び" x="24" y="208" width="8" height="16" pre="0" post="0" />
    <char name="ブ" x="32" y="208" width="8" height="16" pre="0" post="0" />
    <char name="ぶ" x="40" y="208" width="8" height="16" pre="0" post="0" />
    <char name="ベ" x="48" y="208" width="8" height="16" pre="0" post="0" />
    <char name="べ" x="56" y="208" width="8" height="16" pre="0" post="0" />
    <char name="ボ" x="64" y="208" width="8" height="16" pre="0" post="0" />
    <char name="ぼ" x="72" y="208" width="8" height="16" pre="0" post="0" />
    <char name="ガ" x="80" y="208" width="8" height="16" pre="0" post="0" />
    <char name="が" x="88" y="208" width="8" height="16" pre="0" post="0" />
    <char name="ギ" x="96" y="208" width="8" height="16" pre="0" post="0" />
    <char name="ぎ" x="104" y="208" width="8" height="16" pre="0" post="0" />
    <char name="グ" x="112" y="208" width="8" height="16" pre="0" post="0" />
    <char name="ぐ" x="120" y="208" width="8" height="16" pre="0" post="0" />
    <char name="ゲ" x="0" y="224" width="8" height="16" pre="0" post="0" />
    <char name="げ" x="8" y="224" width="8" height="16" pre="0" post="0" />
    <char name="ゴ" x="16" y="224" width="8" height="16" pre="0" post="0" />
    <char name="ご" x="24" y="224" width="8" height="16" pre="0" post="0" />
    <char name="ザ" x="32" y="224" width="8" height="16" pre="0" post="0" />
    <char name="ざ" x="40" y="224" width="8" height="16" pre="0" post="0" />
    <char name="ジ" x="48" y="224" width="8" height="16" pre="0" post="0" />
    <char name="じ" x="56" y="224" width="8" height="16" pre="0" post="0" />
    <char name="ズ" x="64" y="224" width="8" height="16" pre="0" post="0" />
    <char name="ず" x="72" y="224" width="8" height="16" pre="0" post="0" />
    <char name="ゼ" x="80" y="224" width="8" height="16" pre="0" post="0" />
    <char name="ぜ" x="88" y="224" width="8" height="16" pre="0" post="1" />
    <char name="ゾ" x="96" y="224" width="8" height="16" pre="0" post="0" />
    <char name="ぞ" x="104" y="224" width="8" height="16" pre="0" post="0" />
    <char name="ダ" x="112" y="224" width="8" height="16" pre="0" post="0" />
    <char name="だ" x="120" y="224" width="8" height="16" pre="0" post="0" />
    <char name="ヂ" x="0" y="240" width="8" height="16" pre="0" post="0" />
    <char name="ぢ" x="8" y="240" width="8" height="16" pre="0" post="0" />
    <char name="ヅ" x="16" y="240" width="8" height="16" pre="0" post="0" />
    <char name="づ" x="24" y="240" width="8" height="16" pre="0" post="0" />
    <char name="デ" x="32" y="240" width="8" height="16" pre="0" post="0" />
    <char name="で" x="40" y="240" width="8" height="16" pre="0" post="0" />
    <char name="ド" x="48" y="240" width="8" height="16" pre="0" post="0" />
    <char name="ど" x="56" y="240" width="8" height="16" pre="0" post="0" />
</font>
