<?xml version="1.0" encoding="ISO-8859-1"?>
<save>
    <map id="65"/>



    <characters>
        <character enable="1" party_lock="0"/>
        <character enable="1" party_lock="0"/>
        <character enable="1" party_lock="0"/>
        <character enable="0" party_lock="0"/>
        <character enable="0" party_lock="0"/>
        <character enable="0" party_lock="0"/>
        <character enable="0" party_lock="0"/>
        <character enable="0" party_lock="0"/>
        <character enable="0" party_lock="0"/>
        <character enable="0" party_lock="0"/>
    </characters>



    <party>
        <slot character_id="1"/>
        <slot character_id="0"/>
    </party>



    <items>
        <item quantity="0"/>
        <item quantity="0"/>
        <item quantity="0"/>
        <item quantity="0"/>
        <item quantity="0"/>
        <item quantity="0"/>
        <item quantity="0"/>
        <item quantity="0"/>
        <item quantity="0"/>
        <item quantity="0"/>
        <item quantity="0"/>
        <item quantity="0"/>
        <item quantity="0"/>
        <item quantity="0"/>
        <item quantity="0"/>
        <item quantity="0"/>
        <item quantity="0"/>
        <item quantity="0"/>
        <item quantity="0"/>
        <item quantity="0"/>
    </items>



    <materias/>



    <money amount="0"/>
</save>
