<?xml version="1.0" encoding="ISO-8859-1"?>
<map>
    <script file_name="maps/ffvii/field/md1_2.lua" />
    <background2d file_name="maps/ffvii/field/md1_2_bg.xml" />
    <walkmesh file_name="maps/ffvii/field/md1_2_wm.xml" />
    <movement_rotation degree="-5.625" />

    <entity_script name="Director" />
    <entity_model name="Cloud" file_name="models/ffvii/field/units/cloud.mesh" position="27.8125 238.898 5.07" direction="0" />
    <entity_model name="Biggs" file_name="models/ffvii/field/units/biggs.mesh" position="0 0 0" direction="0" />
    <entity_model name="Jessie" file_name="models/ffvii/field/units/jessie.mesh" position="0 0 0" direction="0" />
    <entity_model name="Wedge" file_name="models/ffvii/field/units/wedge.mesh" position="0 0 0" direction="0" />

    <entity_trigger name="Gateway0" point1="27.2266 238.578 5.07031" point2="28.25 238.516 5.07031" enabled="true" />
    <entity_trigger name="Gateway1" point1="23.7266 252.461 5.09375" point2="23.6797 253.219 5.09375" enabled="true" />
    <entity_point name="Spawn_md1_1" position="27.8125 238.898 5.07" rotation="186.353" />
    <entity_script name="BackgroundLight0" />
    <entity_script name="BackgroundLight1" />
    <entity_script name="BackgroundLight2" />
    <entity_script name="BackgroundWarning" />
</map>
