<?xml version="1.0" encoding="ISO-8859-1"?>
<map>
    <script file_name="maps/ffvii/field/md1stin.lua" />
    <background2d file_name="maps/ffvii/field/md1stin_bg.xml" />
    <walkmesh file_name="maps/ffvii/field/md1stin_wm.xml" />
    <movement_rotation degree="-5.625" />

    <entity_script name="Director" />
    <entity_model name="Cloud" file_name="models/ffvii/field/units/cloud.mesh" position="29.0547 229.234 2.56082" direction="0" />
    <entity_model name="Barret" file_name="models/ffvii/field/units/barret.mesh" position="0 0 0" direction="0" />
    <entity_script name="View" />
    <entity_model name="Hei0" file_name="models/ffvii/field/units/soldier.mesh" position="0 0 0" direction="0" />
    <entity_model name="Hei1" file_name="models/ffvii/field/units/soldier.mesh" position="0 0 0" direction="0" />
    <entity_model name="Biggs" file_name="models/ffvii/field/units/biggs.mesh" position="0 0 0" direction="0" />
    <entity_model name="Jessie" file_name="models/ffvii/field/units/jessie.mesh" position="0 0 0" direction="0" />
    <entity_model name="Wedge" file_name="models/ffvii/field/units/wedge.mesh" position="0 0 0" direction="0" />
    <entity_model name="Gu0" file_name="models/ffvii/field/units/guard.mesh" position="0 0 0" direction="0" />
    <entity_model name="Gu1" file_name="models/ffvii/field/units/guard.mesh" position="0 0 0" direction="0" />
    <entity_model name="GuAdd" file_name="models/ffvii/field/units/guard.mesh" position="0 0 0" direction="0" />

    <entity_trigger name="Gateway0" point1="28.6016 228.562 2.75781" point2="28.6641 229.438 2.75781" enabled="true" />
    <entity_point name="Spawn_md1_1" position="29.0547 229.234 2.56082" rotation="67.7647" />
</map>
