<background2d image="maps/ffvii/field/startmap.png" position="0.0115064 -0.301171 10.3248" orientation="0.999969 0.00701926 0.000122074 0.00256355" fov="30.7098" range="-3072 -3072 3072 3072">
    <tile destination="-480 -384" width="48" height="48" uv="0 0 0.0625 0.0625" depth="999" blending="alpha" />
    <tile destination="-432 -384" width="48" height="48" uv="0.0625 0 0.125 0.0625" depth="999" blending="alpha" />
    <tile destination="-384 -384" width="48" height="48" uv="0 0.0625 0.0625 0.125" depth="999" blending="alpha" />
    <tile destination="-336 -384" width="48" height="48" uv="0.0625 0.0625 0.125 0.125" depth="999" blending="alpha" />
    <tile destination="-288 -384" width="48" height="48" uv="0.125 0 0.1875 0.0625" depth="999" blending="alpha" />
    <tile destination="-240 -384" width="48" height="48" uv="0.1875 0 0.25 0.0625" depth="999" blending="alpha" />
    <tile destination="-192 -384" width="48" height="48" uv="0.125 0.0625 0.1875 0.125" depth="999" blending="alpha" />
    <tile destination="-144 -384" width="48" height="48" uv="0.1875 0.0625 0.25 0.125" depth="999" blending="alpha" />
    <tile destination="-96 -384" width="48" height="48" uv="0.25 0 0.3125 0.0625" depth="999" blending="alpha" />
    <tile destination="-48 -384" width="48" height="48" uv="0.3125 0 0.375 0.0625" depth="999" blending="alpha" />
    <tile destination="0 -384" width="48" height="48" uv="0.25 0.0625 0.3125 0.125" depth="999" blending="alpha" />
    <tile destination="48 -384" width="48" height="48" uv="0.3125 0.0625 0.375 0.125" depth="999" blending="alpha" />
    <tile destination="96 -384" width="48" height="48" uv="0.375 0 0.4375 0.0625" depth="999" blending="alpha" />
    <tile destination="144 -384" width="48" height="48" uv="0.4375 0 0.5 0.0625" depth="999" blending="alpha" />
    <tile destination="192 -384" width="48" height="48" uv="0.375 0.0625 0.4375 0.125" depth="999" blending="alpha" />
    <tile destination="240 -384" width="48" height="48" uv="0.4375 0.0625 0.5 0.125" depth="999" blending="alpha" />
    <tile destination="288 -384" width="48" height="48" uv="0.5 0 0.5625 0.0625" depth="999" blending="alpha" />
    <tile destination="336 -384" width="48" height="48" uv="0.5625 0 0.625 0.0625" depth="999" blending="alpha" />
    <tile destination="384 -384" width="48" height="48" uv="0.5 0.0625 0.5625 0.125" depth="999" blending="alpha" />
    <tile destination="432 -384" width="48" height="48" uv="0.5625 0.0625 0.625 0.125" depth="999" blending="alpha" />
    <tile destination="96 -336" width="48" height="48" uv="0.625 0 0.6875 0.0625" depth="999" blending="alpha" />
    <tile destination="144 -336" width="48" height="48" uv="0.6875 0 0.75 0.0625" depth="999" blending="alpha" />
    <tile destination="192 -336" width="48" height="48" uv="0.625 0.0625 0.6875 0.125" depth="999" blending="alpha" />
    <tile destination="240 -336" width="48" height="48" uv="0.6875 0.0625 0.75 0.125" depth="999" blending="alpha" />
    <tile destination="288 -336" width="48" height="48" uv="0.75 0 0.8125 0.0625" depth="999" blending="alpha" />
    <tile destination="336 -336" width="48" height="48" uv="0.8125 0 0.875 0.0625" depth="999" blending="alpha" />
    <tile destination="384 -336" width="48" height="48" uv="0.75 0.0625 0.8125 0.125" depth="999" blending="alpha" />
    <tile destination="0 -144" width="48" height="48" uv="0.8125 0.0625 0.875 0.125" depth="999" blending="alpha" />
    <tile destination="48 -144" width="48" height="48" uv="0.875 0 0.9375 0.0625" depth="999" blending="alpha" />
    <tile destination="96 -144" width="48" height="48" uv="0.9375 0 1 0.0625" depth="999" blending="alpha" />
    <tile destination="-192 -96" width="48" height="48" uv="0.875 0.0625 0.9375 0.125" depth="999" blending="alpha" />
    <tile destination="-144 -96" width="48" height="48" uv="0.9375 0.0625 1 0.125" depth="999" blending="alpha" />
    <tile destination="-96 -96" width="48" height="48" uv="0 0.125 0.0625 0.1875" depth="999" blending="alpha" />
    <tile destination="-48 -96" width="48" height="48" uv="0.0625 0.125 0.125 0.1875" depth="999" blending="alpha" />
    <tile destination="0 -96" width="48" height="48" uv="0 0.1875 0.0625 0.25" depth="999" blending="alpha" />
    <tile destination="48 -96" width="48" height="48" uv="0.0625 0.1875 0.125 0.25" depth="999" blending="alpha" />
    <tile destination="96 -96" width="48" height="48" uv="0.125 0.125 0.1875 0.1875" depth="999" blending="alpha" />
    <tile destination="144 -96" width="48" height="48" uv="0.1875 0.125 0.25 0.1875" depth="999" blending="alpha" />
    <tile destination="-192 -48" width="48" height="48" uv="0.125 0.1875 0.1875 0.25" depth="999" blending="alpha" />
    <tile destination="-144 -48" width="48" height="48" uv="0.1875 0.1875 0.25 0.25" depth="999" blending="alpha" />
    <tile destination="-96 -48" width="48" height="48" uv="0.25 0.125 0.3125 0.1875" depth="999" blending="alpha" />
    <tile destination="-48 -48" width="48" height="48" uv="0.3125 0.125 0.375 0.1875" depth="999" blending="alpha" />
    <tile destination="0 -48" width="48" height="48" uv="0.25 0.1875 0.3125 0.25" depth="999" blending="alpha" />
    <tile destination="48 -48" width="48" height="48" uv="0.3125 0.1875 0.375 0.25" depth="999" blending="alpha" />
    <tile destination="96 -48" width="48" height="48" uv="0.375 0.125 0.4375 0.1875" depth="999" blending="alpha" />
    <tile destination="144 -48" width="48" height="48" uv="0.4375 0.125 0.5 0.1875" depth="999" blending="alpha" />
    <tile destination="-192 0" width="48" height="48" uv="0.375 0.1875 0.4375 0.25" depth="999" blending="alpha" />
    <tile destination="-144 0" width="48" height="48" uv="0.4375 0.1875 0.5 0.25" depth="999" blending="alpha" />
    <tile destination="-96 0" width="48" height="48" uv="0.5 0.125 0.5625 0.1875" depth="999" blending="alpha" />
    <tile destination="-48 0" width="48" height="48" uv="0.5625 0.125 0.625 0.1875" depth="999" blending="alpha" />
    <tile destination="0 0" width="48" height="48" uv="0.5 0.1875 0.5625 0.25" depth="999" blending="alpha" />
    <tile destination="48 0" width="48" height="48" uv="0.5625 0.1875 0.625 0.25" depth="999" blending="alpha" />
    <tile destination="96 0" width="48" height="48" uv="0.625 0.125 0.6875 0.1875" depth="999" blending="alpha" />
    <tile destination="144 0" width="48" height="48" uv="0.6875 0.125 0.75 0.1875" depth="999" blending="alpha" />
    <tile destination="-384 192" width="48" height="48" uv="0.625 0.1875 0.6875 0.25" depth="999" blending="alpha" />
    <tile destination="-336 192" width="48" height="48" uv="0.6875 0.1875 0.75 0.25" depth="999" blending="alpha" />
    <tile destination="-288 192" width="48" height="48" uv="0.75 0.125 0.8125 0.1875" depth="999" blending="alpha" />
    <tile destination="-240 192" width="48" height="48" uv="0.8125 0.125 0.875 0.1875" depth="999" blending="alpha" />
    <tile destination="-192 192" width="48" height="48" uv="0.75 0.1875 0.8125 0.25" depth="999" blending="alpha" />
    <tile destination="-480 240" width="48" height="48" uv="0.8125 0.1875 0.875 0.25" depth="999" blending="alpha" />
    <tile destination="-432 240" width="48" height="48" uv="0.875 0.125 0.9375 0.1875" depth="999" blending="alpha" />
    <tile destination="-384 240" width="48" height="48" uv="0.9375 0.125 1 0.1875" depth="999" blending="alpha" />
    <tile destination="-336 240" width="48" height="48" uv="0.875 0.1875 0.9375 0.25" depth="999" blending="alpha" />
    <tile destination="-288 240" width="48" height="48" uv="0.9375 0.1875 1 0.25" depth="999" blending="alpha" />
    <tile destination="-240 240" width="48" height="48" uv="0 0.25 0.0625 0.3125" depth="999" blending="alpha" />
    <tile destination="-192 240" width="48" height="48" uv="0.0625 0.25 0.125 0.3125" depth="999" blending="alpha" />
    <tile destination="-144 240" width="48" height="48" uv="0 0.3125 0.0625 0.375" depth="999" blending="alpha" />
    <tile destination="-96 240" width="48" height="48" uv="0.0625 0.3125 0.125 0.375" depth="999" blending="alpha" />
    <tile destination="-48 240" width="48" height="48" uv="0.125 0.25 0.1875 0.3125" depth="999" blending="alpha" />
    <tile destination="0 240" width="48" height="48" uv="0.1875 0.25 0.25 0.3125" depth="999" blending="alpha" />
    <tile destination="48 240" width="48" height="48" uv="0.125 0.3125 0.1875 0.375" depth="999" blending="alpha" />
    <tile destination="96 240" width="48" height="48" uv="0.1875 0.3125 0.25 0.375" depth="999" blending="alpha" />
    <tile destination="144 240" width="48" height="48" uv="0.25 0.25 0.3125 0.3125" depth="999" blending="alpha" />
    <tile destination="192 240" width="48" height="48" uv="0.3125 0.25 0.375 0.3125" depth="999" blending="alpha" />
    <tile destination="240 240" width="48" height="48" uv="0.25 0.3125 0.3125 0.375" depth="999" blending="alpha" />
    <tile destination="288 240" width="48" height="48" uv="0.3125 0.3125 0.375 0.375" depth="999" blending="alpha" />
    <tile destination="336 240" width="48" height="48" uv="0.375 0.25 0.4375 0.3125" depth="999" blending="alpha" />
    <tile destination="384 240" width="48" height="48" uv="0.4375 0.25 0.5 0.3125" depth="999" blending="alpha" />
    <tile destination="432 240" width="48" height="48" uv="0.375 0.3125 0.4375 0.375" depth="999" blending="alpha" />
    <tile destination="-480 288" width="48" height="48" uv="0.4375 0.3125 0.5 0.375" depth="999" blending="alpha" />
    <tile destination="-432 288" width="48" height="48" uv="0.5 0.25 0.5625 0.3125" depth="999" blending="alpha" />
    <tile destination="-384 288" width="48" height="48" uv="0.5625 0.25 0.625 0.3125" depth="999" blending="alpha" />
    <tile destination="-336 288" width="48" height="48" uv="0.5 0.3125 0.5625 0.375" depth="999" blending="alpha" />
    <tile destination="-288 288" width="48" height="48" uv="0.5625 0.3125 0.625 0.375" depth="999" blending="alpha" />
    <tile destination="-240 288" width="48" height="48" uv="0.625 0.25 0.6875 0.3125" depth="999" blending="alpha" />
    <tile destination="-192 288" width="48" height="48" uv="0.6875 0.25 0.75 0.3125" depth="999" blending="alpha" />
    <tile destination="-144 288" width="48" height="48" uv="0.625 0.3125 0.6875 0.375" depth="999" blending="alpha" />
    <tile destination="-96 288" width="48" height="48" uv="0.6875 0.3125 0.75 0.375" depth="999" blending="alpha" />
    <tile destination="-48 288" width="48" height="48" uv="0.75 0.25 0.8125 0.3125" depth="999" blending="alpha" />
    <tile destination="0 288" width="48" height="48" uv="0.8125 0.25 0.875 0.3125" depth="999" blending="alpha" />
    <tile destination="48 288" width="48" height="48" uv="0.75 0.3125 0.8125 0.375" depth="999" blending="alpha" />
    <tile destination="96 288" width="48" height="48" uv="0.8125 0.3125 0.875 0.375" depth="999" blending="alpha" />
    <tile destination="144 288" width="48" height="48" uv="0.875 0.25 0.9375 0.3125" depth="999" blending="alpha" />
    <tile destination="192 288" width="48" height="48" uv="0.9375 0.25 1 0.3125" depth="999" blending="alpha" />
    <tile destination="240 288" width="48" height="48" uv="0.875 0.3125 0.9375 0.375" depth="999" blending="alpha" />
    <tile destination="288 288" width="48" height="48" uv="0.9375 0.3125 1 0.375" depth="999" blending="alpha" />
    <tile destination="336 288" width="48" height="48" uv="0 0.375 0.0625 0.4375" depth="999" blending="alpha" />
    <tile destination="384 288" width="48" height="48" uv="0.0625 0.375 0.125 0.4375" depth="999" blending="alpha" />
    <tile destination="432 288" width="48" height="48" uv="0 0.4375 0.0625 0.5" depth="999" blending="alpha" />
    <tile destination="-96 -336" width="48" height="48" uv="0.0625 0.4375 0.125 0.5" depth="0.03125" blending="add" />
    <tile destination="-48 -336" width="48" height="48" uv="0.125 0.375 0.1875 0.4375" depth="0.03125" blending="add" />
    <tile destination="0 -336" width="48" height="48" uv="0.1875 0.375 0.25 0.4375" depth="0.03125" blending="add" />
    <tile destination="-96 -288" width="48" height="48" uv="0.125 0.4375 0.1875 0.5" depth="0.03125" blending="add" />
    <tile destination="-48 -288" width="48" height="48" uv="0.1875 0.4375 0.25 0.5" depth="0.03125" blending="add" />
    <tile destination="0 -288" width="48" height="48" uv="0.25 0.375 0.3125 0.4375" depth="0.03125" blending="add" />
    <tile destination="48 -288" width="48" height="48" uv="0.3125 0.375 0.375 0.4375" depth="0.03125" blending="add" />
    <tile destination="-240 -240" width="48" height="48" uv="0.25 0.4375 0.3125 0.5" depth="0.03125" blending="add" />
    <tile destination="-192 -240" width="48" height="48" uv="0.3125 0.4375 0.375 0.5" depth="0.03125" blending="add" />
    <tile destination="-144 -240" width="48" height="48" uv="0.375 0.375 0.4375 0.4375" depth="0.03125" blending="add" />
    <tile destination="-96 -240" width="48" height="48" uv="0.4375 0.375 0.5 0.4375" depth="0.03125" blending="add" />
    <tile destination="-48 -240" width="48" height="48" uv="0.375 0.4375 0.4375 0.5" depth="0.03125" blending="add" />
    <tile destination="0 -240" width="48" height="48" uv="0.4375 0.4375 0.5 0.5" depth="0.03125" blending="add" />
    <tile destination="48 -240" width="48" height="48" uv="0.5 0.375 0.5625 0.4375" depth="0.03125" blending="add" />
    <tile destination="96 -240" width="48" height="48" uv="0.5625 0.375 0.625 0.4375" depth="0.03125" blending="add" />
    <tile destination="144 -240" width="48" height="48" uv="0.5 0.4375 0.5625 0.5" depth="0.03125" blending="add" />
    <tile destination="192 -240" width="48" height="48" uv="0.5625 0.4375 0.625 0.5" depth="0.03125" blending="add" />
    <tile destination="-240 -192" width="48" height="48" uv="0.625 0.375 0.6875 0.4375" depth="0.03125" blending="add" />
    <tile destination="-192 -192" width="48" height="48" uv="0.6875 0.375 0.75 0.4375" depth="0.03125" blending="add" />
    <tile destination="-144 -192" width="48" height="48" uv="0.625 0.4375 0.6875 0.5" depth="0.03125" blending="add" />
    <tile destination="48 -192" width="48" height="48" uv="0.6875 0.4375 0.75 0.5" depth="0.03125" blending="add" />
    <tile destination="96 -192" width="48" height="48" uv="0.75 0.375 0.8125 0.4375" depth="0.03125" blending="add" />
    <tile destination="144 -192" width="48" height="48" uv="0.8125 0.375 0.875 0.4375" depth="0.03125" blending="add" />
    <tile destination="192 -192" width="48" height="48" uv="0.75 0.4375 0.8125 0.5" depth="0.03125" blending="add" />
    <tile destination="-240 -144" width="48" height="48" uv="0.8125 0.4375 0.875 0.5" depth="0.03125" blending="add" />
    <tile destination="-192 -144" width="48" height="48" uv="0.875 0.375 0.9375 0.4375" depth="0.03125" blending="add" />
    <tile destination="-144 -144" width="48" height="48" uv="0.9375 0.375 1 0.4375" depth="0.03125" blending="add" />
    <tile destination="96 -144" width="48" height="48" uv="0.875 0.4375 0.9375 0.5" depth="0.03125" blending="add" />
    <tile destination="144 -144" width="48" height="48" uv="0.9375 0.4375 1 0.5" depth="0.03125" blending="add" />
    <tile destination="192 -144" width="48" height="48" uv="0 0.5 0.0625 0.5625" depth="0.03125" blending="add" />
    <tile destination="-336 -96" width="48" height="48" uv="0.0625 0.5 0.125 0.5625" depth="0.03125" blending="add" />
    <tile destination="-288 -96" width="48" height="48" uv="0 0.5625 0.0625 0.625" depth="0.03125" blending="add" />
    <tile destination="-240 -96" width="48" height="48" uv="0.0625 0.5625 0.125 0.625" depth="0.03125" blending="add" />
    <tile destination="144 -96" width="48" height="48" uv="0.125 0.5 0.1875 0.5625" depth="0.03125" blending="add" />
    <tile destination="192 -96" width="48" height="48" uv="0.1875 0.5 0.25 0.5625" depth="0.03125" blending="add" />
    <tile destination="240 -96" width="48" height="48" uv="0.125 0.5625 0.1875 0.625" depth="0.03125" blending="add" />
    <tile destination="288 -96" width="48" height="48" uv="0.1875 0.5625 0.25 0.625" depth="0.03125" blending="add" />
    <tile destination="-336 -48" width="48" height="48" uv="0.25 0.5 0.3125 0.5625" depth="0.03125" blending="add" />
    <tile destination="-288 -48" width="48" height="48" uv="0.3125 0.5 0.375 0.5625" depth="0.03125" blending="add" />
    <tile destination="-240 -48" width="48" height="48" uv="0.25 0.5625 0.3125 0.625" depth="0.03125" blending="add" />
    <tile destination="-192 -48" width="48" height="48" uv="0.3125 0.5625 0.375 0.625" depth="0.03125" blending="add" />
    <tile destination="144 -48" width="48" height="48" uv="0.375 0.5 0.4375 0.5625" depth="0.03125" blending="add" />
    <tile destination="192 -48" width="48" height="48" uv="0.4375 0.5 0.5 0.5625" depth="0.03125" blending="add" />
    <tile destination="240 -48" width="48" height="48" uv="0.375 0.5625 0.4375 0.625" depth="0.03125" blending="add" />
    <tile destination="288 -48" width="48" height="48" uv="0.4375 0.5625 0.5 0.625" depth="0.03125" blending="add" />
    <tile destination="-336 0" width="48" height="48" uv="0.5 0.5 0.5625 0.5625" depth="0.03125" blending="add" />
    <tile destination="-288 0" width="48" height="48" uv="0.5625 0.5 0.625 0.5625" depth="0.03125" blending="add" />
    <tile destination="-240 0" width="48" height="48" uv="0.5 0.5625 0.5625 0.625" depth="0.03125" blending="add" />
    <tile destination="-192 0" width="48" height="48" uv="0.5625 0.5625 0.625 0.625" depth="0.03125" blending="add" />
    <tile destination="-144 0" width="48" height="48" uv="0.625 0.5 0.6875 0.5625" depth="0.03125" blending="add" />
    <tile destination="96 0" width="48" height="48" uv="0.6875 0.5 0.75 0.5625" depth="0.03125" blending="add" />
    <tile destination="144 0" width="48" height="48" uv="0.625 0.5625 0.6875 0.625" depth="0.03125" blending="add" />
    <tile destination="192 0" width="48" height="48" uv="0.6875 0.5625 0.75 0.625" depth="0.03125" blending="add" />
    <tile destination="240 0" width="48" height="48" uv="0.75 0.5 0.8125 0.5625" depth="0.03125" blending="add" />
    <tile destination="288 0" width="48" height="48" uv="0.8125 0.5 0.875 0.5625" depth="0.03125" blending="add" />
    <tile destination="-240 48" width="48" height="48" uv="0.75 0.5625 0.8125 0.625" depth="0.03125" blending="add" />
    <tile destination="-192 48" width="48" height="48" uv="0.8125 0.5625 0.875 0.625" depth="0.03125" blending="add" />
    <tile destination="-144 48" width="48" height="48" uv="0.875 0.5 0.9375 0.5625" depth="0.03125" blending="add" />
    <tile destination="48 48" width="48" height="48" uv="0.9375 0.5 1 0.5625" depth="0.03125" blending="add" />
    <tile destination="96 48" width="48" height="48" uv="0.875 0.5625 0.9375 0.625" depth="0.03125" blending="add" />
    <tile destination="144 48" width="48" height="48" uv="0.9375 0.5625 1 0.625" depth="0.03125" blending="add" />
    <tile destination="192 48" width="48" height="48" uv="0 0.625 0.0625 0.6875" depth="0.03125" blending="add" />
    <tile destination="-240 96" width="48" height="48" uv="0.0625 0.625 0.125 0.6875" depth="0.03125" blending="add" />
    <tile destination="-192 96" width="48" height="48" uv="0 0.6875 0.0625 0.75" depth="0.03125" blending="add" />
    <tile destination="-144 96" width="48" height="48" uv="0.0625 0.6875 0.125 0.75" depth="0.03125" blending="add" />
    <tile destination="-96 96" width="48" height="48" uv="0.125 0.625 0.1875 0.6875" depth="0.03125" blending="add" />
    <tile destination="-48 96" width="48" height="48" uv="0.1875 0.625 0.25 0.6875" depth="0.03125" blending="add" />
    <tile destination="0 96" width="48" height="48" uv="0.125 0.6875 0.1875 0.75" depth="0.03125" blending="add" />
    <tile destination="48 96" width="48" height="48" uv="0.1875 0.6875 0.25 0.75" depth="0.03125" blending="add" />
    <tile destination="96 96" width="48" height="48" uv="0.25 0.625 0.3125 0.6875" depth="0.03125" blending="add" />
    <tile destination="144 96" width="48" height="48" uv="0.3125 0.625 0.375 0.6875" depth="0.03125" blending="add" />
    <tile destination="192 96" width="48" height="48" uv="0.25 0.6875 0.3125 0.75" depth="0.03125" blending="add" />
    <tile destination="-240 144" width="48" height="48" uv="0.3125 0.6875 0.375 0.75" depth="0.03125" blending="add" />
    <tile destination="-192 144" width="48" height="48" uv="0.375 0.625 0.4375 0.6875" depth="0.03125" blending="add" />
    <tile destination="-144 144" width="48" height="48" uv="0.4375 0.625 0.5 0.6875" depth="0.03125" blending="add" />
    <tile destination="-96 144" width="48" height="48" uv="0.375 0.6875 0.4375 0.75" depth="0.03125" blending="add" />
    <tile destination="-48 144" width="48" height="48" uv="0.4375 0.6875 0.5 0.75" depth="0.03125" blending="add" />
    <tile destination="0 144" width="48" height="48" uv="0.5 0.625 0.5625 0.6875" depth="0.03125" blending="add" />
    <tile destination="48 144" width="48" height="48" uv="0.5625 0.625 0.625 0.6875" depth="0.03125" blending="add" />
    <tile destination="96 144" width="48" height="48" uv="0.5 0.6875 0.5625 0.75" depth="0.03125" blending="add" />
    <tile destination="144 144" width="48" height="48" uv="0.5625 0.6875 0.625 0.75" depth="0.03125" blending="add" />
    <tile destination="192 144" width="48" height="48" uv="0.625 0.625 0.6875 0.6875" depth="0.03125" blending="add" />
    <tile destination="-96 192" width="48" height="48" uv="0.6875 0.625 0.75 0.6875" depth="0.03125" blending="add" />
    <tile destination="-48 192" width="48" height="48" uv="0.625 0.6875 0.6875 0.75" depth="0.03125" blending="add" />
    <tile destination="0 192" width="48" height="48" uv="0.6875 0.6875 0.75 0.75" depth="0.03125" blending="add" />
    <tile destination="48 192" width="48" height="48" uv="0.75 0.625 0.8125 0.6875" depth="0.03125" blending="add" />
    <tile destination="-48 240" width="48" height="48" uv="0.8125 0.625 0.875 0.6875" depth="0.03125" blending="add" />
    <tile destination="0 240" width="48" height="48" uv="0.75 0.6875 0.8125 0.75" depth="0.03125" blending="add" />
</background2d>