<screen name="MainMenu" script="screens/main_menu/main_menu.lua" visible="false">
    <widget name="Container" width="368" height="240" origin_x="50%" origin_y="50%" align="center" valign="middle" scale="2.61 3" visible="true">
        <widget name="Characters" x="0" y="17" width="300" height="190" visible="true">
            <prototype name="Window" />
            <animation name="Appear" length="0.3" x="0:0 736,0.3:0 0" />
            <animation name="Disappear" length="0.3" x="0:0 0,0.3:0 736" />

            <widget name="Character1" x="0" y="0" width="100%" height="60" visible="true">
                <sprite name="Portrait" image="screens/images/cloud.png" x="22" y="12" width="48" height="48" visible="true" />
                <widget name="Data" x="102" y="14" width="100%" height="100%" visible="true">
                    <prototype name="MenuCharacterData" />
                </widget>
                <text_area name="NextLevelText" x="186" y="17" text_name="CharacterDataNextLevel" font="FFVIIFont" visible="true" />
                <sprite name="NextLevelBar" image="screens/images/menu_bar.png" x="202" y="28" width="64" height="8" visible="true" />
                <sprite name="NextLevelLinePart1" x="203" y="29" width="20" height="3" colours="0.5 0.5 0.5, 0.5 0.5 0.5, 0.5 0.125 0.125, 0.5 0.125 0.125" alpha="0.8" visible="false" />
                <sprite name="NextLevelLinePart2" x="203" y="32" width="20" height="3" colours="0.5 0.125 0.125, 0.5 0.125 0.125, 0 0 0, 0 0 0" alpha="0.8" visible="false" />
                <text_area name="LimitLevelText" x="186" y="38" text_name="CharacterDataLimitLevel" font="FFVIIFont" visible="true" />
                <sprite name="LimitLevelBar" image="screens/images/menu_bar.png" x="202" y="49" width="64" height="8" visible="true" />
                <text_area name="LimitLevel" x="250" y="40" text_name="CharacterDataLimitLevelNumber" font="FFVIIMenuDigits" visible="true" />
                <sprite name="LimitLinePart1" x="203" y="50" width="25" height="3" colours="0.5 0.5 0.5, 0.5 0.5 0.5, 0.5 0.125 0.31, 0.5 0.125 0.31" alpha="0.8" visible="false" />
                <sprite name="LimitLinePart2" x="203" y="53" width="25" height="3" colours="0.5 0.125 0.31, 0.5 0.125 0.31, 0 0 0, 0 0 0" alpha="0.8" visible="false" />
            </widget>
        </widget>

        <widget name="Menu" x="278" y="5" width="86" height="132" visible="true">
            <prototype name="Window" />
            <text_area name="ItemText" x="16" y="6" text_name="MainMenuItem" font="FFVIIFont" visible="true" />
            <text_area name="MagicText" x="16" y="18" text_name="MainMenuMagic" font="FFVIIFont" visible="true" />
            <text_area name="MateriaText" x="16" y="30" text_name="MainMenuMateria" font="FFVIIFont" visible="true" />
            <text_area name="EquipText" x="16" y="42" text_name="MainMenuEquip" font="FFVIIFont" visible="true" />
            <text_area name="StatusText" x="16" y="54" text_name="MainMenuStatus" font="FFVIIFont" visible="true" />
            <text_area name="OrderText" x="16" y="66" text_name="MainMenuOrder" font="FFVIIFont" visible="true" />
            <text_area name="LimitText" x="16" y="78" text_name="MainMenuLimit" font="FFVIIFont" visible="true" />
            <text_area name="ConfigText" x="16" y="90" text_name="MainMenuConfig" font="FFVIIFont" visible="true" />
            <text_area name="PHSText" x="16" y="102" text_name="MainMenuPHS" font="FFVIIFont" visible="true" />
            <text_area name="SaveText" x="16" y="114" text_name="MainMenuSave" font="FFVIIFont" visible="true" />
            <sprite name="Cursor" image="screens/images/cursor.png" x="-11" y="6" width="24" height="16" visible="true">
                <animation name="Position1" length="0" y="0:0 6" />
                <animation name="Position2" length="0" y="0:0 18" />
                <animation name="Position3" length="0" y="0:0 30" />
                <animation name="Position4" length="0" y="0:0 42" />
                <animation name="Position5" length="0" y="0:0 54" />
                <animation name="Position6" length="0" y="0:0 66" />
                <animation name="Position7" length="0" y="0:0 78" />
                <animation name="Position8" length="0" y="0:0 90" />
                <animation name="Position9" length="0" y="0:0 102" />
                <animation name="Position10" length="0" y="0:0 114" />
            </sprite>
            <animation name="Appear" length="0.3" y="0:0 405,0.3:0 5" />
            <animation name="Disappear" length="0.3" y="0:0 5,0.3:0 405" />
        </widget>

        <widget name="TimeGil" x="278" y="164" width="86" height="36" visible="true">
            <prototype name="Window" />
            <text_area name="TimeText" x="4" y="6" text_name="MainMenuTime" font="FFVIIFont" visible="true" />
            <text_area name="TimeHours" x="31" y="8" text_name="MainMenuHours" font="FFVIIMenuDigits" visible="true" />
            <text_area name="TimeSemicolon1" x="44" y="1" text_name="MainMenuSemicolon" font="FFVIIMenuFont" visible="true" />
            <text_area name="TimeMinutes" x="50" y="8" text_name="MainMenuMinutes" font="FFVIIMenuDigits" visible="true" />
            <text_area name="TimeSemicolon2" x="62" y="1" text_name="MainMenuSemicolon" font="FFVIIMenuFont" visible="true" />
            <text_area name="TimeSeconds" x="67" y="8" text_name="MainMenuSeconds" font="FFVIIMenuDigits" visible="true" />
            <text_area name="GilText" x="5" y="20" text_name="MainMenuGil" font="FFVIIFont" visible="true" />
            <text_area name="GilText" x="11" y="22" text_name="MainMenuGilAmount" font="FFVIIMenuDigits" visible="true" />
            <animation name="Appear" length="0.3" x="0:0 -458,0.3:0 278" />
            <animation name="Disappear" length="0.3" x="0:0 278,0.3:0 -458" />
        </widget>

        <widget name="Location" x="184" y="200" width="180" height="24" visible="true">
            <prototype name="Window" />
            <text_area name="Text" x="8" y="6" text_name="MainMenuLocation" font="FFVIIFont" visible="true" />
            <animation name="Appear" length="0.3" y="0:0 -136,0.3:0 200" />
            <animation name="Disappear" length="0.3" y="0:0 200,0.3:0 -136" />
        </widget>
    </widget>
</screen>
