<?xml version="1.0"?>
<field dialogs="1" entitys="1" gateways="1" encounters="0" walkmesh="0">
    <dialogs>
        <dialog>No.1 Reactor</dialog>

        <dialog>No.5 Reactor</dialog>

        <dialog> </dialog>

        <dialog>Jessie
"Push that button over there!"</dialog>

        <dialog>Switch On.</dialog>

        <dialog>[Barret]
"Little by little the reactors'll drain out
    all the life.
    Then that'll be that."</dialog>

        <dialog>[Cloud]
"It's not my problem."</dialog>

        <dialog>[Barret]
"The planet's dyin', [Cloud]!"</dialog>

        <dialog>[Cloud]
"The only thing I care about is finishin' this job
    before security and the Roboguards come."</dialog>
    </dialogs>






    <entitys>
        <entity name="dir">
            <script>
IFSW (20,00,00,1B,00,00,0F)
AKAO (00,00,00,29,40,3C,00,00,00,00,00,00,00)
SCR2D (00,00,00,EE,FF)
IFSW (20,00,00,1B,00,02,05)
MPNAM (01)
JMPF (03)
MPNAM (00)
RET ()
IFSW (20,00,00,1B,00,00,04)
REQ (01,C3)
UC (01)
MENU2 (01)
REQEW (03,C3)
UC (00)
MENU2 (00)
GETAI (06,03,00)
JMPB (04)</script>

            <script>
RET ()</script>

            <script>
RET ()</script>

            <script>
BITOFF (10,E1,00)
SOUND (00,2A,00,40)
SCR2DC (00,00,00,00,1A,FF,28,00)
SCRLW ()
WAIT (0A,00)
SCR2D (00,00,00,E6,00)
WAIT (0A,00)
SCR2DC (00,00,00,00,DC,FF,28,00)
SCRLW ()
SCR2DC (00,00,00,00,F2,FF,0A,00)
SCRLW ()
SCR2DC (00,00,00,00,EE,FF,06,00)
SCRLW ()
SOUND (00,00,00,40)
RET ()</script>
        </entity>



        <entity name="time">
            <script>
RET ()
RET ()</script>

            <script>
RET ()</script>

            <script>
RET ()</script>

            <script>
WMODE (03,01,01)
WINDOW (03,0A,00,0A,00,A0,00,46,00)
WSPCL (03,01,0A,0A)
MESSAGE (03,02)
RET ()</script>
        </entity>



        <entity name="timeo">
            <script>
RET ()
IFSW (20,00,00,1B,00,00,21)
IFUB (10,15,00,00,1B)
IFUB (10,16,00,00,15)
IFUB (10,17,00,00,0F)
BITON (10,E1,07)
MAPJUMP (77,00,12,00,74,FB,01,00,00)
JMPB (28)</script>
        </entity>



        <entity name="cl">
            <script>
CHAR (00)
PC (00)
RET ()
JMPBL (00,00)</script>

            <script>
RET ()</script>

            <script>
RET ()</script>

            <script>
MOVE (00,C2,FF,00,00)
RET ()</script>

            <script>
MOVE (00,56,00,40,00)
DIR (00,80)
WAIT (04,00)
ANIM!2 (03,01)
SOUND (00,33,00,40)
IFUBL (10,E1,00,0A,0D,00)
BGOFF (00,02,01)
BGON (00,02,02)
JMPFL (0A,00)
BGOFF (00,02,02)
BGON (00,02,01)
WINDOW (00,96,00,64,00,56,00,19,00)
MESSAGE (00,04)
ANIM!2 (04,01)
DFANM (00,01)
RET ()</script>

            <script>
TURA (04,0A,02)
RET ()</script>

            <script>
ANIM!2 (05,01)
WINDOW (02,64,00,14,00,97,00,29,00)
MESSAGE (02,06)
CANM!2 (06,2C,3B,01)
WAIT (0F,00)
DFANM (00,01)
RET ()</script>

            <script>
ANIME1 (07,01)
WINDOW (02,41,00,14,00,1D,01,39,00)
MESSAGE (02,08)
RET ()</script>
        </entity>



        <entity name="ba">
            <script>
CHAR (01)
PC (01)
RET ()
JMPB (00)</script>

            <script>
RET ()</script>

            <script>
RET ()</script>

            <script>
WAIT (1E,00)
SPLIT (00,00,00,F9,FF,F7,FF,70,F9,FF,F7,FF,70,28)
REQEW (03,C5)
ANIME1 (03,01)
WINDOW (02,0A,00,14,00,F5,00,49,00)
MESSAGE (02,05)
REQEW (03,C6)
WAIT (08,00)
ANIME1 (04,01)
WINDOW (02,14,00,1E,00,0C,01,29,00)
MESSAGE (02,07)
REQEW (03,C7)
TURNGEN (00,00,02,0A,02)
ANIM!2 (05,01)
DFANM (06,01)
WAIT (3C,00)
CANM!2 (07,00,0E,01)
WAIT (14,00)
CANM!2 (07,0F,1D,01)
DFANM (00,01)
ANIME2 (08,01)
TURA (03,0F,02)
ANIMW ()
WAIT (0A,00)
JOIN (28)
SETBYTE (50,06,01)
RET ()</script>
        </entity>



        <entity name="ele">
            <script>
RET ()
IFSW (60,00,00,08,00,00,D6)
IFKEYON (20,02,D2)
UC (01)
MENU2 (01)
IFSW (20,00,00,0C,00,03,04)
REQ (06,C4)
REQEW (03,C4)
IFSW (20,00,00,0C,00,03,07)
REQEW (06,C5)
WAIT (08,00)
SETBYTE (50,07,01)
IFUB (10,E1,00,0A,9D)
BITON (10,E1,00)
SOUND (00,2A,00,40)
SCR2DC (00,00,00,00,E6,00,28,00)
SCRLW ()
IFSW (20,00,00,0C,00,03,44)
WCLSE (01)
SCR2D (00,00,00,1A,FF)
WAIT (01,00)
SCR2DC (00,00,00,00,F8,FF,28,00)
SCRLW ()
REQ (04,C3)
IFUB (50,06,01,00,03)
JMPF (17)
SCR2DC (00,00,00,00,E4,FF,28,00)
SCRLW ()
SCR2DC (00,00,00,00,F8,FF,28,00)
SCRLW ()
JMPB (1C)
SCR2DC (00,00,00,00,E6,00,28,00)
SCRLW ()
WAIT (0A,00)
SCR2D (00,00,00,1A,FF)
WAIT (0A,00)
SCR2DC (00,00,00,00,00,00,28,00)
SCRLW ()
SCR2DC (00,00,00,00,EA,FF,0A,00)
SCRLW ()
SCR2DC (00,00,00,00,EE,FF,06,00)
SCRLW ()
SOUND (00,00,00,40)
IFSW (20,00,00,0C,00,03,09)
SETWORD (20,00,0C,00)
REQ (06,C6)
JMPF (04)
REQEW (00,C3)
SETBYTE (50,07,00)
UC (00)
MENU2 (00)
JMPBL (DD,00)</script>
        </entity>



        <entity name="av_j">
            <script>
CHAR (02)
XYZI (00,00,A0,FF,48,00,05,00,05,00)
DIR (00,E0)
IFSW (20,00,00,0C,00,04,07)
TLKON (01)
SOLID (01)
VISI (00)
RET ()
IFSW (20,00,00,0C,00,03,23)
CANM!2 (03,04,04,01)
WAIT (0A,00)
CANM!2 (03,04,0C,01)
WAIT (08,00)
CANM!2 (03,0C,18,01)
WINDOW (01,0F,00,32,00,CA,00,29,00)
MESSAGE (01,03)
JMPB (00)</script>

            <script>
RET ()</script>

            <script>
RET ()</script>

            <script>
RET ()</script>

            <script>
CANM!2 (03,19,26,01)
RET ()</script>

            <script>
CANM!2 (03,26,2D,01)
RET ()</script>

            <script>
CANM!2 (03,2D,3B,01)
MSPED (00,00,0A)
MOVE (00,30,FF,00,00)
TLKON (01)
SOLID (01)
VISI (00)
RET ()</script>
        </entity>



        <entity name="">
            <script>
BGCLR (00,02)
BGOFF (00,02,00)
RET ()
BGON (00,02,00)
WAIT (1E,00)
BGOFF (00,02,00)
WAIT (1D,00)
JMPB (0E)</script>
        </entity>



        <entity name="light">
            <script>
BGCLR (00,03)
BGOFF (00,03,00)
RET ()
IFUB (50,07,01,00,0F)
BGON (00,03,00)
WAIT (28,00)
BGOFF (00,03,00)
WAIT (27,00)
JMPB (14)</script>
        </entity>



        <entity name="light">
            <script>
BGCLR (00,03)
BGOFF (00,03,01)
RET ()
IFUB (50,07,01,00,0F)
BGON (00,03,01)
WAIT (1E,00)
BGOFF (00,03,01)
WAIT (1D,00)
JMPB (14)</script>
        </entity>



        <entity name="jp0">
            <script>
LINE (47,FF,BC,FF,05,00,47,FF,38,00,05,00)
RET ()
JMPB (00)</script>

            <script>
RET ()</script>

            <script>
RET ()</script>

            <script>
IFUB (10,E1,00,0A,21)
IFSW (20,00,00,21,00,03,0D)
MAPJUMP (78,00,33,FA,CA,10,3C,00,00)
JMPF (0B)
MAPJUMP (80,00,33,FA,CA,10,34,00,00)
JMPF (1F)
IFSW (20,00,00,21,00,03,0D)
MAPJUMP (7A,00,56,FD,34,01,5C,00,40)
JMPF (0B)
MAPJUMP (81,00,56,FD,34,01,5C,00,40)
RET ()</script>

            <script>
RET ()</script>

            <script>
RET ()</script>

            <script>
RET ()</script>
        </entity>
    </entitys>

    <gateways>
    </gateways>

    <encounters>
    </encounters>

    <walkmesh>
    </walkmesh>
</field>