<?xml version="1.0"?>
<field dialogs="1" entitys="1" gateways="0" encounters="0" walkmesh="0">
    <dialogs>
        <dialog>Sector 1</dialog>
    </dialogs>

    <entitys>
        <entity name="dir">
            <script>
BTLMD2 (20,00)
MUSIC (00)
MPNAM (00)
RET ()
GETAI (06,01,00)
JMPB (04)</script>
        </entity>



        <entity name="cl">
            <script>
CHAR (00)
PC (00)
RET ()
JMPB (00)</script>
        </entity>



        <entity name="av_b">
            <script>
CHAR (01)
XYZI (00,00,6D,0D,24,7B,82,02,2F,00)
SOLID (01)
IFSW (20,00,00,08,00,04,07)
TLKON (01)
SOLID (01)
VISI (00)
RET ()
IFSW (20,00,00,08,00,03,31)
MSPED (00,00,10)
MOVE (00,3E,0E,F3,79)
SETWORD (20,00,08,00)
ANIME1 (03,01)
MOVE (00,B5,10,1B,7A)
MOVE (00,0C,11,34,7D)
MOVE (00,35,0D,39,7E)
MOVE (00,C2,0B,5E,7E)
TLKON (01)
SOLID (01)
VISI (00)
JMPB (00)
</script>
        </entity>



        <entity name="av_c">
            <script>
CHAR (02)
DFANM (03,01)
MSPED (00,00,10)
DIR (00,FC)
XYZI (00,00,F6,0D,E3,7E,7C,02,0C,00)
SOLID (01)
IFSW (20,00,00,08,00,04,07)
TLKON (01)
SOLID (01)
VISI (00)
RET ()
IFSW (20,00,00,08,00,03,16)
WAIT (FF,00)
MOVE (00,35,0D,39,7E)
MOVE (00,C2,0B,5E,7E)
TLKON (01)
SOLID (01)
VISI (00)
JMPB (00)
</script>
        </entity>



        <entity name="av_w">
            <script>
CHAR (03)
DFANM (03,01)
MSPED (00,00,10)
DIR (00,FC)
XYZI (00,00,04,11,BE,7B,8C,02,1F,00)
SOLID (01)
IFSW (20,00,00,08,00,04,07)
TLKON (01)
SOLID (01)
VISI (00)
RET ()
IFSW (20,00,00,08,00,03,1C)
WAIT (80,00)
MOVE (00,D8,10,55,7D)
MOVE (00,35,0D,39,7E)
MOVE (00,C2,0B,5E,7E)
TLKON (01)
SOLID (01)
VISI (00)
JMPB (00)
</script>
        </entity>



        <entity name="light0">
            <script>
SETBYTE (50,1C,00)
SETBYTE (50,1F,FF)
RET ()
STPLS (0D,20,00,0F)
IFUB (50,1C,00,00,13)
IFUB (50,1F,FA,02,06)
DEC (05,1F)
JMPF (08)
SETBYTE (50,1C,01)
WAIT (04,00)
IFUB (50,1C,01,00,13)
IFUB (50,1F,FF,03,06)
INC (05,1F)
JMPF (08)
SETBYTE (50,1C,00)
WAIT (04,00)
ADPAL (00,55,50,20,2A,1F,1F,1F,1F)
LDPLS (2A,0D,00,0F)
WAIT (02,00)
JMPB (42)
RET ()
</script>
        </entity>



        <entity name="light1">
            <script>
SETBYTE (50,1D,00)
SETBYTE (50,20,FF)
RET ()
STPAL (00,0E,22,1F)
WAIT (04,00)
IFUB (50,1D,00,00,13)
IFUB (50,20,FA,02,06)
DEC (05,20)
JMPF (08)
SETBYTE (50,1D,01)
WAIT (04,00)
IFUB (50,1D,01,00,13)
IFUB (50,20,FF,03,06)
INC (05,20)
JMPF (08)
SETBYTE (50,1D,00)
WAIT (04,00)
ADPAL (00,55,50,22,2C,20,20,20,1F)
LDPAL (00,2C,0E,1F)
WAIT (02,00)
JMPB (42)
RET ()
</script>
        </entity>



        <entity name="light2">
            <script>
BGCLR (00,02)
BGON (00,02,00)
SETBYTE (50,21,FF)
RET ()
STPLS (0D,24,10,1F)
SETBYTE (50,21,FF)
IFUB (50,21,FC,02,18)
ADPAL (00,55,50,24,2E,21,21,21,1F)
LDPLS (2E,0D,10,1F)
DEC (05,21)
WAIT (02,00)
JMPB (1B)
LDPLS (24,0D,10,1F)
RANDOM (05,21)
MOD (50,21,03)
INC (05,21)
IFUB (50,21,00,02,11)
BGOFF (00,02,00)
WAIT (01,00)
BGON (00,02,00)
DEC (05,21)
JMPB (14)
WAIT (3C,00)
JMPB (49)
RET ()
</script>
        </entity>



        <entity name="warning">
            <script>
BGCLR (00,01)
BGOFF (00,01,00)
SETBYTE (50,18,00)
SETBYTE (50,1B,FF)
RET ()
STPAL (00,0B,00,FF)
PLUS (50,1B,01)
IFUB (50,1B,02,02,05)
SETBYTE (50,1B,00)
REQEW (0A,41)
BGON (05,01,1B)
REQEW (09,41)
LDPAL (00,00,0B,FF)
WAIT (01,00)
REQEW (09,41)
LDPAL (00,00,0B,FF)
WAIT (01,00)
REQEW (09,41)
BGOFF (05,01,1B)
LDPAL (00,00,0B,FF)
WAIT (01,00)
JMPB (3A)
</script>
        </entity>



        <entity name="light">
            <script>
RET ()
RET ()
</script>

            <script>
SETBYTE (50,18,42)
IFUB (50,18,62,03,1E)
PLUS (50,18,10)
MPPAL2 (00,55,50,00,10,18,18,18,FF)
CPPAL (00,00,10,00)
LDPAL (00,10,0B,FF)
WAIT (02,00)
JMPB (21)
IFUB (50,18,04,02,1E)
MINUS (50,18,18)
MPPAL2 (00,55,50,00,10,18,18,18,FF)
CPPAL (00,00,10,00)
LDPAL (00,10,0B,FF)
WAIT (02,00)
JMPB (21)
RET ()
</script>
        </entity>



        <entity name="zizizi">
            <script>
RET ()
RET ()
</script>

            <script>
SETBYTE (50,19,00)
RANDOM (05,1A)
MOD (50,1A,04)
IFUB (50,1A,00,00,05)
SETBYTE (50,1A,01)
IFUB (55,19,1A,03,22)
BGON (05,01,1B)
WAIT (01,00)
BGOFF (05,01,1B)
WAIT (01,00)
BGON (00,01,03)
WAIT (01,00)
BGOFF (00,01,03)
WAIT (01,00)
INC (05,19)
JMPB (25)
RET ()
</script>
        </entity>
    </entitys>

    <gateways>
    </gateways>

    <encounters>
    </encounters>

    <walkmesh>
    </walkmesh>
</field>