<?xml version="1.0"?>
<field dialogs="1" entitys="1" gateways="0" encounters="0" walkmesh="0">
    <dialogs>
        <dialog>Sector 1 Station</dialog>

        <dialog>Biggs
"Wow! You used to be in SOLDIER, huh?
    ...Not everyday ya find one
    in a group like AVALANCHE."</dialog>

        <dialog>Jessie
"SOLDIER? Aren't they the enemy?"</dialog>

        <dialog>Jessie
"What's he doing with us in AVALANCHE?"</dialog>

        <dialog>Biggs
"He WAS in SOLDIER, Jessie."
[New Box]
"But he quit and is with us now."</dialog>

        <dialog>Biggs
"I didn't catch your name..."</dialog>

        <dialog>[Cloud]
"...[Cloud]."</dialog>

        <dialog>Biggs
"[Cloud], eh? I'm..."</dialog>

        <dialog>[Cloud]
"I don't care what your names are.
    Once this job's over...I'm outta here."</dialog>

        <dialog>"The hell you all doin'!?
    I thought I told you never to move
    in a group!"</dialog>

        <dialog>"Our target's the North Mako Reactor.
    We'll meet on the bridge in front of it."</dialog>

        <dialog>"Ex-SOLDIER, huh?
    I don't trust ya!"</dialog>

        <dialog>[Barret]
"Press the Directional buttons while
    pressing [Code:Cyan][CANCEL][Code:White]
    to run."</dialog>
    </dialogs>



    <entitys>
        <entity name="dir">
            <script>
SETWORD (60,06,3E,00)
SCRCC ()
BTLMD (20,00)
MUSIC (00)
MPNAM (00)
RET ()
GETAI (06,01,00)
IFSW (66,00,00,06,00,00,84)
IFSW (20,00,00,07,00,03,7C)
UC (01)
MENU2 (01)
SCR2DC (00,00,A0,FF,3C,00,20,00)
REQ (01,C3)
SETWORD (20,00,07,00)
REQEW (03,C3)
WAIT (06,00)
REQEW (04,C3)
WAIT (0A,00)
REQEW (03,A4)
WAIT (08,00)
REQEW (01,C6)
WAIT (08,00)
REQEW (02,C3)
WAIT (0C,00)
SOUND (00,34,00,40)
WAIT (08,00)
SOUND (00,20,00,40)
REQ (06,C3)
REQ (07,C3)
WAIT (0A,00)
REQ (04,C4)
WAIT (1E,00)
REQ (03,C6)
WAIT (06,00)
REQ (05,C3)
WAIT (0F,00)
REQEW (02,C4)
PMJMP (76,00)
REQ (02,C5)
WAIT (1E,00)
PMVIE (14)
SETBYTE (50,15,01)
//MOVIE ()
MAPJUMP (76,00,DD,0D,6E,77,3C,00,80)
UC (00)
MENU2 (00)
JMPB (8F)</script>
        </entity>



        <entity name="cloud">
            <script>
CHAR (00)
PC (00)
RET ()
MSPED (00,00,10)
JMPB (00)</script>

            <script>
RET ()</script>

            <script>
RET ()</script>

            <script>
MOVE (00,7C,04,4E,05)
DIR (00,7C)
RET ()</script>

            <script>
RET ()</script>

            <script>
CANM!2 (03,00,07,01)
WINDOW (00,64,00,96,00,A5,00,29,00)
MESSAGE (00,06)
CANM!2 (03,08,0E,01)
RET ()</script>

            <script>
ANIME1 (04,01)
REQ (03,C5)
CANM!2 (03,00,07,01)
WINDOW (00,1E,00,96,00,F9,00,39,00)
MESSAGE (00,08)
CANM!2 (03,07,0E,01)
RET ()</script>

            <script>
WAIT (0A,00)
CANM!2 (03,0E,16,01)
RET ()</script>

            <script>
CANM!2 (03,16,1D,01)
RET ()</script>

            <script>
ASPED (00,20,00)
WAIT (12,00)
ANIM!2 (05,01)
MSPED (00,00,0A)
DFANM (00,01)
MOVE (00,06,05,6A,0B)
RET ()</script>
        </entity>



        <entity name="ba">
            <script>
CHAR (01)
PC (01)
IFSW (20,00,00,07,00,03,0C)
XYZI (00,00,D8,08,D4,04,12,05,47,00)
RET ()
JMPB (00)</script>

            <script>
RET ()</script>

            <script>
RET ()</script>

            <script>
TLKON (00)
SOLID (00)
VISI (01)
MSPED (00,00,0A)
REQ (01,C7)
MOVE (00,F6,05,16,05)
DIR (00,AC)
WINDOW (03,19,00,8C,00,E4,00,39,00)
MESSAGE (03,09)
WINDOW (03,08,00,96,00,04,01,29,00)
MESSAGE (03,0A)
RET ()</script>

            <script>
MSPED (00,00,0A)
REQ (01,C8)
MOVE (00,66,04,50,07)
WAIT (1E,00)
TURNGEN (00,0C,02,0A,02)
WAIT (14,00)
WINDOW (00,1E,00,14,00,87,00,29,00)
MESSAGE (00,0B)
WAIT (08,00)
MENU (00,06,01)
WAIT (14,00)
WINDOW (00,0A,00,89,00,FE,00,49,00)
MESSAGE (00,0C)
RET ()</script>

            <script>
MOVE (00,4B,05,30,0D)
TLKON (01)
SOLID (01)
VISI (00)
RET ()</script>
        </entity>



        <entity name="av_m">
            <script>
CHAR (02)
XYZI (00,00,EA,03,14,06,12,05,3F,00)
DIR (00,7C)
IFSW (20,00,00,07,00,04,07)
TLKON (01)
SOLID (01)
VISI (00)
RET ()
JMPB (00)</script>

            <script>
RET ()</script>

            <script>
RET ()</script>

            <script>
TURNGEN (00,1C,02,0A,02)
WAIT (01,00)
CANM!2 (03,00,09,01)
WINDOW (01,08,00,08,00,0D,01,49,00)
MESSAGE (01,01)
CANIM2 (03,0A,13,01)
RET ()</script>

            <script>
WINDOW (01,1E,00,0A,00,F2,00,29,00)
MESSAGE (01,04)
CANM!2 (03,00,0E,01)
WINDOW (01,32,00,0A,00,AE,00,29,00)
MESSAGE (01,05)
CANIM2 (03,0A,13,01)
WAIT (03,00)
MENU (00,06,00)
WAIT (03,00)
REQEW (01,C5)
WAIT (06,00)
CANM!2 (03,00,0E,01)
WINDOW (01,32,00,14,00,D5,00,29,00)
MESSAGE (01,07)
RET ()</script>

            <script>
CANIM2 (03,0A,13,01)
RET ()</script>

            <script>
MSPED (00,00,0A)
MOVE (00,93,04,D4,06)
MOVE (00,4B,05,30,0D)
TLKON (01)
SOLID (01)
VISI (00)
RET ()</script>
        </entity>



        <entity name="av_l">
            <script>
CHAR (03)
XYZI (00,00,85,04,53,06,12,05,3E,00)
DIR (00,7C)
DFANM (03,01)
IFSW (20,00,00,07,00,04,07)
TLKON (01)
SOLID (01)
VISI (00)
RET ()
JMPB (00)</script>

            <script>
RET ()</script>

            <script>
RET ()</script>

            <script>
ANIM!2 (04,01)
WINDOW (02,9B,00,08,00,E9,00,29,00)
MESSAGE (02,02)
WINDOW (02,78,00,08,00,0C,01,29,00)
MESSAGE (02,03)
WAIT (08,00)
DFANM (03,01)
RET ()</script>

            <script>
MSPED (00,00,0A)
ANIME1 (05,01)
MOVE (00,4B,05,30,0D)
TLKON (01)
SOLID (01)
VISI (00)
RET ()</script>
        </entity>



        <entity name="av_s">
            <script>
CHAR (04)
XYZI (00,00,F1,05,E0,05,12,05,46,00)
DIR (00,0C)
DFANM (03,01)
IFSW (20,00,00,07,00,04,07)
TLKON (01)
SOLID (01)
VISI (00)
RET ()
JMPB (00)</script>

            <script>
RET ()</script>

            <script>
RET ()</script>

            <script>
MSPED (00,00,0A)
MOVE (00,93,04,D4,06)
MOVE (00,4B,05,30,0D)
TLKON (01)
SOLID (01)
VISI (00)
RET ()</script>
        </entity>



        <entity name="drL">
            <script>
CHAR (05)
XYZI (00,00,40,04,35,07,12,05,3D,00)
DIR (00,FC)
IFSW (20,00,00,07,00,04,07)
TLKON (01)
SOLID (01)
VISI (00)
DFANM (00,01)
SOLID (01)
RET ()
JMPB (00)</script>

            <script>
RET ()</script>

            <script>
RET ()</script>

            <script>
OFST (00,00,01,36,FF,00,00,00,00,32,00)
OFSTW ()
TLKON (01)
SOLID (01)
VISI (00)
RET ()</script>
        </entity>



        <entity name="drR">
            <script>
CHAR (06)
XYZI (00,00,EF,04,20,07,12,05,3C,00)
DIR (00,7C)
IFSW (20,00,00,07,00,04,07)
TLKON (01)
SOLID (01)
VISI (00)
DFANM (00,01)
SOLID (01)
RET ()
JMPB (00)</script>

            <script>
RET ()</script>

            <script>
RET ()</script>

            <script>
OFST (00,00,01,B8,00,00,00,00,00,32,00)
OFSTW ()
TLKON (01)
SOLID (01)
VISI (00)
RET ()</script>
        </entity>



        <entity name="">
            <script>
RET ()
IFUB (50,15,01,00,19)
IFUB (50,0B,00,00,13)
MVIEF (06,09)
IFSW (60,09,00,1E,00,02,08)
SETBYTE (50,0B,01)
REQ (01,C9)
JMPB (1E)</script>
        </entity>



        <entity name="fan">
            <script>
BGCLR (00,02)
RET ()
WAIT (03,00)
BGON (00,02,00)
WAIT (04,00)
BGOFF (00,02,00)
BGON (00,02,01)
WAIT (04,00)
BGOFF (00,02,01)
JMPB (19)</script>
        </entity>



        <entity name="light">
            <script>
SETBYTE (50,16,42)
RET ()
STPAL (00,0D,00,FF)
IFUB (50,16,3E,03,1B)
PLUS (50,16,02)
MPPAL2 (00,55,50,00,10,16,16,16,FF)
CPPAL (00,00,10,00)
LDPAL (00,10,0D,FF)
JMPB (1E)
IFUB (50,16,20,02,1B)
MINUS (50,16,02)
MPPAL2 (00,55,50,00,10,16,16,16,FF)
CPPAL (00,00,10,00)
LDPAL (00,10,0D,FF)
JMPB (1E)
JMPB (40)</script>
        </entity>



        <entity name="light2">
            <script>
SETBYTE (50,17,42)
RET ()
WAIT (14,00)
STPAL (00,0E,20,FF)
IFUB (50,17,3E,03,1B)
PLUS (50,17,01)
MPPAL2 (00,55,50,20,30,17,17,17,FF)
CPPAL (00,20,30,00)
LDPAL (00,30,0E,FF)
JMPB (1E)
IFUB (50,17,10,02,1B)
MINUS (50,17,01)
MPPAL2 (00,55,50,20,30,17,17,17,FF)
CPPAL (00,20,30,00)
LDPAL (00,30,0E,FF)
JMPB (1E)
JMPB (40)</script>
        </entity>
    </entitys>

    <gateways>
    </gateways>

    <encounters>
    </encounters>

    <walkmesh>
    </walkmesh>
</field>