<?xml version="1.0"?>
<field dialogs="1" entitys="1" gateways="0" encounters="0" walkmesh="0">
    <dialogs>
        <dialog>Platform</dialog>

        <dialog>"C'mon newcomer.
    Follow me."</dialog>

        <dialog>"Received Potion!"</dialog>
    </dialogs>







    <entitys>

        <entity name="dir 0">
            <script>
SCR2D (00,00,00,28,00)
IFSW (20,00,00,00,00,00,20)
//FADE (00,00,00,00,00,01,04,00)
SCR2D (00,00,00,00,00)
AKAO (00,00,00,F0,00,00,00,00,00,00,00,00,00)
BTLON (01)
SETWORD (60,09,0C,00)
BTLMD (20,00)
IFSW (20,00,00,00,00,02,03)
MUSIC (00)
FMUSC (00)
MPNAM (00)
RET ()
IFSW (20,00,00,00,00,00,CE)
PMVIE (35)
AKAO2 (00,00,00,C8,00,70,00,00,00,00,00,00,00,00)
REQ (03,C3)
//MOVIE ()
AKAO2 (00,00,00,C8,FF,7F,00,00,00,00,00,00,00,00)
SETWORD (20,1C,FB,02)
PRTYE (00,FE,FE)
MMBLK (00)
SETBYTE (10,03,32)
SETBYTE (10,04,1E)
SETBYTE (10,05,0A)
SETBYTE (10,06,00)
SETBYTE (10,50,64)
SETBYTE (10,51,64)
SETBYTE (10,52,64)
SETBYTE (10,53,64)
SOUND (00,35,00,40)
WAIT (1E,00)
REQ (06,43)
WAIT (21,00)
REQ (0A,43)
WAIT (1E,00)
REQ (09,43)
WAIT (3C,00)
SOUND (00,39,00,40)
REQ (07,43)
WAIT (0A,00)
WAIT (3C,00)
REQ (08,43)
WAIT (46,00)
REQ (02,43)
WAIT (50,00)
SCR2DC (00,00,EC,FF,82,00,0C,00)
WAIT (0E,00)
REQ (01,43)
WAIT (02,00)
SOUND (00,37,00,40)
WAIT (16,00)
SCR2DC (00,00,0A,00,23,00,0F,00)
WAIT (10,00)
SOUND (00,38,00,40)
WAIT (3A,00)
WINDOW (03,28,00,14,00,85,00,29,00)
MESSAGE (03,01)
REQ (02,44)
WAIT (14,00)
SETWORD (20,00,01,00)
UC (00)
MENU2 (00)
CC (01)
GETAI (06,01,04)
IFSW (66,04,00,09,00,00,20)
IFSW (20,00,00,01,00,00,18)
SETWORD (20,00,06,00)
UC (01)
MENU2 (01)
REQ (04,43)
REQEW (05,43)
BATTLE (00,2C,01)
UC (00)
MENU2 (00)
JMPB (2B)</script>
        </entity>



        <entity name="cl">
            <script>
CHAR (00)
PC (00)
RET ()
RET ()</script>

            <script>
RET ()</script>

            <script>
RET ()</script>

            <script>
TLKON (00)
SOLID (00)
VISI (01)
ANIME1 (03,01)
RET ()</script>
        </entity>



        <entity name="ba">
            <script>
CHAR (01)
PC (01)
IFSW (20,00,00,01,00,05,0C)
XYZI (00,00,51,0F,61,6B,43,01,1E,00)
RET ()
JMPB (00)</script>

            <script>
RET ()</script>

            <script>
RET ()</script>

            <script>
TLKON (00)
SOLID (00)
VISI (01)
MSPED (00,00,0C)
MOVE (00,17,0E,40,6C)
DIR (00,75)
CANM!2 (03,00,27,01)
WAIT (28,00)
CANM!2 (03,27,30,01)
RET ()</script>

            <script>
MOVE (00,FC,0E,6F,72)
MOVE (00,FA,0D,B0,72)
RET ()</script>
        </entity>



        <entity name="view">
            <script>
RET ()
JMPB (00)</script>

            <script>
RET ()</script>

            <script>
RET ()</script>

            <script>
MVIEF (06,06)
IFSW (60,06,00,14,00,02,0C)
NFADE (00,00,00,00,00,00,00,00)
JMPF (03)
JMPB (16)
MVIEF (06,06)
IFSW (60,06,00,98,02,02,16)
MUSIC (01)
MULCK (01)
AKAO2 (00,00,00,C9,3C,00,FF,7F,00,00,00,00,00,00)
JMPF (03)
JMPB (20)
RET ()</script>
        </entity>



        <entity name="hei0">
            <script>
CHAR (02)
XYZI (00,00,32,0E,64,72,6F,01,24,00)
TLKON (01)
SOLID (01)
VISI (00)
RET ()
JMPB (00)</script>

            <script>
RET ()</script>

            <script>
RET ()</script>

            <script>
VISI (01)
MSPED (00,80,09)
MOVE (00,D2,0E,54,72)
MOVE (00,94,0E,50,70)
TLKON (01)
SOLID (01)
VISI (00)
RET ()</script>
        </entity>



        <entity name="hei1">
            <script>
CHAR (03)
XYZI (00,00,32,0E,64,72,6F,01,24,00)
TLKON (01)
SOLID (01)
VISI (00)
RET ()
JMPB (00)</script>

            <script>
RET ()</script>

            <script>
RET ()</script>

            <script>
VISI (01)
MSPED (00,00,0A)
MOVE (00,39,0F,49,72)
MOVE (00,21,0F,A8,70)
TLKON (01)
SOLID (01)
VISI (00)
RET ()</script>
        </entity>



        <entity name="av_m">
            <script>
CHAR (04)
XYZI (00,00,00,0F,00,72,3A,01,03,00)
DIR (00,C0)
TLKON (01)
SOLID (01)
VISI (00)
RET ()
JMPB (00)</script>

            <script>
RET ()</script>

            <script>
RET ()</script>

            <script>
VISI (01)
ANIME1 (03,01)
WAIT (08,00)
TURNGEN (00,E8,02,0A,02)
WAIT (0A,00)
ANIME1 (04,01)
DIR (00,68)
WAIT (64,00)
MSPED (00,00,0A)
MOVE (00,FC,0E,6F,72)
MOVE (00,FA,0D,B0,72)
TLKON (01)
SOLID (01)
VISI (00)
RET ()</script>
        </entity>



        <entity name="av_l">
            <script>
CHAR (05)
XYZI (00,00,92,0F,36,6E,41,01,22,00)
TLKON (01)
SOLID (01)
VISI (00)
RET ()
JMPB (00)</script>

            <script>
RET ()</script>

            <script>
RET ()</script>

            <script>
RET ()</script>

            <script>
VISI (01)
MSPED (00,00,08)
MOVE (00,58,0E,3D,6E)
DIR (00,0C)
CANM!2 (03,00,0E,01)
WAIT (07,00)
SOUND (00,1C,00,40)
WAIT (17,00)
CANIM2 (03,0F,18,01)
DFANM (00,01)
WAIT (28,00)
MOVE (00,FC,0E,6F,72)
MOVE (00,FA,0D,B0,72)
TLKON (01)
SOLID (01)
VISI (00)
RET ()</script>
        </entity>



        <entity name="av_s">
            <script>
CHAR (06)
XYZI (00,00,D2,0E,9D,6E,36,01,0E,00)
DIR (00,C0)
TLKON (01)
SOLID (01)
VISI (00)
RET ()
JMPB (00)</script>

            <script>
RET ()</script>

            <script>
RET ()</script>

            <script>
VISI (01)
ANIME1 (03,01)
WAIT (08,00)
TURNGEN (00,E8,02,0A,02)
WAIT (3C,00)
MSPED (00,00,0A)
MOVE (00,FC,0E,6F,72)
MOVE (00,FA,0D,B0,72)
TLKON (01)
SOLID (01)
VISI (00)
RET ()</script>
        </entity>



        <entity name="gu0">
            <script>
CHAR (07)
XYZI (00,00,0C,0E,81,6C,36,01,14,00)
DIR (00,40)
IFSW (20,00,00,01,00,04,12)
XYZI (00,00,B7,0E,4A,6C,36,01,14,00)
DIR (00,88)
DFANM (03,01)
RET ()
JMPB (00)</script>

            <script>
UC (01)
MENU2 (01)
IFUB (F0,20,00,0A,1E)
SOUND (00,68,01,40)
WINDOW (00,53,00,0A,00,8A,00,19,00)
MESSAGE (00,02)
BITON (F0,20,00)
STITM (00,00,00,01)
JMPF (22)
IFUB (F0,20,01,0A,1C)
SOUND (00,68,01,40)
WINDOW (00,53,00,0A,00,8A,00,19,00)
MESSAGE (00,02)
BITON (F0,20,01)
STITM (00,00,00,01)
UC (00)
MENU2 (00)</script>

            <script>
RET ()</script>

            <script>
SOLID (01)
TURNGEN (00,60,02,0A,02)
WAIT (20,00)
ANIME1 (04,01)
MSPED (00,00,08)
WAIT (08,00)
MOVE (00,78,0E,8C,6D)
DIR (00,88)
ANIM!2 (05,01)
REQEW (0A,C4)
TLKON (01)
SOLID (01)
VISI (00)
RET ()</script>
        </entity>



        <entity name="gu1">
            <script>
CHAR (08)
XYZI (00,00,70,0E,3D,70,36,01,09,00)
DIR (00,40)
IFSW (20,00,00,01,00,04,12)
DIR (00,28)
XYZI (00,00,50,0F,E8,71,37,01,03,00)
DFANM (06,01)
RET ()
JMPB (00)</script>

            <script>
UC (01)
MENU2 (01)
IFUB (F0,20,00,0A,1E)
SOUND (00,68,01,40)
WINDOW (00,53,00,0A,00,8A,00,19,00)
MESSAGE (00,02)
BITON (F0,20,00)
STITM (00,00,00,01)
JMPF (22)
IFUB (F0,20,01,0A,1C)
SOUND (00,68,01,40)
WINDOW (00,53,00,0A,00,8A,00,19,00)
MESSAGE (00,02)
BITON (F0,20,01)
STITM (00,00,00,01)
UC (00)
MENU2 (00)</script>

            <script>
RET ()</script>

            <script>
SOLID (01)
ANIME1 (04,01)
MSPED (00,00,10)
MOVE (00,D0,0E,30,72)
DIR (00,28)
ANIM!2 (07,01)
REQ (0B,C3)
TLKON (01)
SOLID (01)
VISI (00)
RET ()</script>

            <script>
DFANM (03,01)
XYZI (00,00,B7,0E,4A,6C,36,01,14,00)
DIR (00,88)
TLKON (00)
SOLID (00)
VISI (01)
RET ()</script>
        </entity>



        <entity name="guadd">
            <script>
CHAR (09)
DIR (00,28)
XYZI (00,00,50,0F,E8,71,37,01,03,00)
DFANM (06,01)
TLKON (01)
SOLID (01)
VISI (00)
RET ()
JMPB (00)</script>

            <script>
UC (01)
MENU2 (01)
IFUB (F0,20,00,0A,1E)
SOUND (00,68,01,40)
WINDOW (00,53,00,0A,00,8A,00,19,00)
MESSAGE (00,02)
BITON (F0,20,00)
STITM (00,00,00,01)
JMPF (22)
IFUB (F0,20,01,0A,1C)
SOUND (00,68,01,40)
WINDOW (00,53,00,0A,00,8A,00,19,00)
MESSAGE (00,02)
BITON (F0,20,01)
STITM (00,00,00,01)
UC (00)
MENU2 (00)</script>

            <script>
RET ()</script>

            <script>
TLKON (00)
SOLID (00)
VISI (01)
RET ()</script>
        </entity>
    </entitys>






    <gateways>
    </gateways>

    <encounters>
    </encounters>

    <walkmesh>
    </walkmesh>
</field>