<?xml version="1.0"?>
<field dialogs="1" entitys="1" gateways="0" encounters="0" walkmesh="0">
    <dialogs>
        <dialog>No.1 Reactor</dialog>

        <dialog>No.5 Reactor</dialog>

        <dialog> </dialog>

        <dialog>[Barret]
"When we blow this place, it ain't gonna
    be nothin' more than a hunka junk."</dialog>

        <dialog>[Barret]
"[Cloud], you set the bomb."</dialog>

        <dialog>[Cloud]
"Shouldn't you do it?"</dialog>

        <dialog>[Barret]
"Jus' do it!
    I gotta watch to make sure
    you don't pull nothin'."</dialog>

        <dialog>[Cloud]
"Fine, I'll do it."</dialog>

        <dialog>[Choice]     Watch out!
        This isn't just a reactor!!</dialog>

        <dialog>[Barret]
"What's wrong?"</dialog>

        <dialog>[Cloud]
"Huh?"</dialog>

        <dialog>[Barret]
"What's wrong, [Cloud]?
   Hurry it up!"</dialog>

        <dialog>[Cloud]
"...Yeah, sorry."</dialog>

        <dialog>[Barret]
"Heads up, here it comes!"</dialog>

        <dialog>[Cloud]
"Come on, let's get outta here!"</dialog>

        <dialog>Ten minutes to detonation!</dialog>

        <dialog>[Barret]
"Damn man, get a hold of yourself!"</dialog>

        <dialog>[Tifa]
"You all right?"</dialog>

        <dialog>[Cloud]
"...[Tifa]."</dialog>

        <dialog>[Tifa]
"Mmm?"</dialog>

        <dialog>[Cloud]
"No...forget...
    Come on, let's hurry!"</dialog>

        <dialog>[Cloud]
"I know.
    You're my chaperon, right?"</dialog>

        <dialog>[Barret]
"Damn straight."</dialog>

        <dialog>[Barret]
"[Tifa]'s old friend...
    That ain't good enough."</dialog>

        <dialog>[Tifa]
"Let's hurry, [Cloud]."</dialog>

        <dialog>Received "Restore" Materia!</dialog>

        <dialog> </dialog>

        <dialog> </dialog>

        <dialog> </dialog>
    </dialogs>






    <entitys>
        <entity name="timeo">
            <script>
RET ()
IFSW (20,00,00,1B,00,00,21)
IFUB (10,15,00,00,1B)
IFUB (10,16,00,00,15)
IFUB (10,17,00,00,0F)
BITON (10,E1,07)
MAPJUMP (77,00,12,00,74,FB,01,00,00)
JMPB (28)</script>
        </entity>



        <entity name="dir">
            <script>
SETWORD (60,07,02,00)
VWOFT (00,5A,00,00,00,00)
IFSW (20,00,00,1B,00,00,16)
AKAO (00,00,00,29,40,3C,00,00,00,00,00,00,00)
BTLMD (22,00)
BMUSC (00)
JMPF (13)
AKAO (00,00,00,2A,40,26,00,00,00,00,00,00,00)
MUSIC (01)
BMUSC (02)
IFUB (10,E2,02,0A,07)
SCR2D (00,B0,FF,78,00)
IFSW (20,00,00,78,00,00,07)
MULCK (00)
UC (01)
MENU2 (01)
IFSW (20,00,00,1B,00,02,07)
MPNAM (01)
BTLTB (01)
JMPF (03)
MPNAM (00)
RET ()
IFSW (20,00,00,1B,00,00,04)
REQ (02,C3)
WAIT (01,00)
IFSW (20,00,00,78,00,00,7A)
NFADE (00,00,0C,00,5A,5A,01,00)
AKAO (00,00,00,C1,FA,7F,00,00,00,00,00,00,00)
SOUND (00,EC,00,40)
WAIT (1E,00)
NFADE (00,00,0C,00,00,00,3C,00)
WAIT (1E,00)
AKAO (00,00,00,A5,FF,00,00,00,00,00,00,00,00)
REQEW (04,C4)
REQEW (05,C3)
REQEW (03,C8)
REQEW (05,C4)
REQEW (03,C9)
AKAO (00,00,00,29,40,00,00,00,00,00,00,00,00)
AKAO (00,00,00,A1,00,7F,00,00,00,00,00,00,00)
SETWORD (20,00,7B,00)
REQ (05,C5)
NFADE (00,00,00,00,00,00,00,00)
UC (00)
MENU2 (00)
IFUB (10,E2,02,0A,0D)
SCRLA (00,80,00,03,03)
SCRLW ()
SCRCC ()
BITON (10,E2,02)
GETAI (06,03,00)
IFSW (66,00,00,07,00,00,43)
IFSW (20,00,00,1B,00,03,21)
REQEW (04,C3)
STTIM (00,00,00,0A,00)
BTLMD (22,00)
REQ (02,C3)
SETWORD (20,00,1B,00)
BITON (10,E1,06)
BITOFF (10,E1,03)
BITOFF (10,E1,04)
IFSW (20,00,00,7B,00,00,13)
UC (01)
MENU2 (01)
REQEW (03,CA)
JOIN (3C)
SETWORD (20,00,7F,00)
UC (00)
MENU2 (00)
JMPB (4E)</script>

            <script>
RET ()</script>

            <script>
RET ()</script>

            <script>
WAIT (0A,00)
FADE (00,00,FF,C8,C8,10,02,00)
RET ()</script>
        </entity>



        <entity name="time">
            <script>
RET ()
RET ()</script>


            <script>
RET ()</script>

            <script>
RET ()</script>

            <script>
WMODE (03,01,01)
WINDOW (03,0A,00,0A,00,A0,00,46,00)
WSPCL (03,01,0A,0A)
MESSAGE (03,02)
RET ()</script>
        </entity>



        <entity name="cl">
            <script>
CHAR (00)
PC (00)
IFSW (20,00,00,78,00,00,15)
XYZI (00,00,AA,FF,C0,FB,4A,FF,00,00)
DIR (00,00)
TLKON (00)
SOLID (00)
VISI (01)
RET ()
IFSW (20,00,00,78,00,00,06)
CANM!2 (03,16,16,01)
UC (01)
MENU2 (01)
IFUB (10,E2,02,0A,04)
WAIT (6E,00)
IFSW (20,00,00,78,00,01,0B)
MOVE (00,A7,FF,3F,FC)
UC (00)
MENU2 (00)
JMPB (00)</script>

            <script>
RET ()</script>

            <script>
RET ()</script>

            <script>
ANIM!2 (04,01)
SETWORD (20,00,0F,00)
SOUND (00,68,01,40)
WINDOW (00,36,00,0A,00,C3,00,19,00)
MESSAGE (00,19)
SMTRA (00,00,35,00,00,00)
ANIM!2 (05,01)
RET ()</script>

            <script>
DIR (00,00)
CANM!2 (06,00,09,01)
WINDOW (02,8C,00,0F,00,94,00,29,00)
MESSAGE (02,05)
RET ()</script>

            <script>
WINDOW (02,A0,00,1E,00,92,00,29,00)
MESSAGE (02,07)
SOUND (00,EC,00,40)
REQ (01,C3)
CANM!2 (07,00,3F,01)
WMODE (00,01,00)
WINDOW (00,38,00,2D,00,BF,00,19,00)
MESSAGE (00,08)
WREST (00)
FADE (00,00,FF,E6,E6,04,01,FF)
WAIT (0A,00)
SOUND (00,00,00,40)
CANM!2 (07,3F,4F,01)
DFANM (08,01)
WAIT (14,00)
WINDOW (01,0A,00,0A,00,8B,00,29,00)
MESSAGE (01,09)
DFANM (00,01)
CANM!2 (09,00,07,01)
WINDOW (00,B4,00,82,00,89,00,29,00)
MESSAGE (00,0A)
RET ()</script>

            <script>
WINDOW (00,82,00,82,00,89,00,29,00)
MESSAGE (00,0C)
CANM!2 (09,07,0E,01)
MSPED (00,00,04)
MOVE (00,BD,FF,A0,F9)
ANIM!2 (04,01)
DFANM (0A,01)
WAIT (14,00)
AKAO (00,00,00,2A,40,00,00,00,00,00,00,00,00)
SOUND (00,3D,00,40)
WAIT (3C,00)
SOUND (00,3B,00,40)
WAIT (0A,00)
ANIM!2 (05,01)
WAIT (14,00)
SOUND (00,3C,00,40)
WAIT (08,00)
ANIME1 (0B,01)
CANM!2 (09,00,07,01)
WAIT (0A,00)
BMUSC (00)
WINDOW (02,78,00,1E,00,C1,00,29,00)
MESSAGE (02,0D)
WAIT (14,00)
AKAO (00,00,00,2A,40,00,00,00,00,00,00,00,00)
MUSIC (00)
SOUND (00,00,00,40)
AKAO (00,00,00,29,40,00,00,00,00,00,00,00,00)
AKAO (00,00,00,2A,40,00,00,00,00,00,00,00,00)
BATTLE (00,44,01)
AKAO (00,00,00,29,40,3C,00,00,00,00,00,00,00)
WAIT (1E,00)
TURNGEN (00,70,02,0A,02)
WAIT (14,00)
CANM!2 (09,0E,16,01)
WINDOW (02,A0,00,1E,00,D6,00,29,00)
MESSAGE (02,0E)
CANM!2 (09,16,1D,01)
RET ()</script>

            <script>
AKAO (00,00,00,A1,00,00,00,00,00,00,00,00,00)
AKAO (00,00,00,29,40,71,01,00,00,00,00,00,00)
AKAO (00,00,00,A5,A0,7F,00,00,00,00,00,00,00)
MOVE (00,AA,FF,C0,FB)
DIR (00,00)
SPLIT (00,00,00,BE,FF,9F,FC,00,C6,FF,C3,FA,80,1E)
AKAO (00,00,00,C1,C8,10,00,00,00,00,00,00,00)
WAIT (0A,00)
SOUND (00,EC,00,40)
FADE (00,00,FA,C8,C8,20,02,00)
ANIM!2 (0C,01)
WAIT (1E,00)
CANM!2 (03,00,16,01)
WAIT (14,00)
MULCK (01)
SOUND (00,00,00,40)
RET ()</script>

            <script>
SOUND (00,00,00,40)
CANM!2 (03,2B,40,01)
WINDOW (00,0A,00,64,00,AE,00,29,00)
MESSAGE (00,12)
RET ()</script>

            <script>
WINDOW (00,0A,00,64,00,A6,00,39,00)
MESSAGE (00,14)
CANM!2 (03,40,63,01)
DFANM (00,01)
RET ()</script>

            <script>
MSPED (00,00,04)
MOVE (00,BD,FF,A0,F9)
ANIM!2 (04,01)
DFANM (0A,01)
WAIT (14,00)
AKAO (00,00,00,2A,40,00,00,00,00,00,00,00,00)
SOUND (00,3D,00,40)
WAIT (3C,00)
SOUND (00,3B,00,40)
WAIT (0A,00)
ANIM!2 (05,01)
TURA (04,0A,02)
RET ()</script>
        </entity>



        <entity name="ba">
            <script>
CHAR (01)
PC (01)
IFSW (20,00,00,78,00,00,18)
XYZI (00,00,BE,FF,9F,FC,4B,FF,00,00)
DIR (00,00)
SLIDR (00,46)
TLKON (00)
SOLID (00)
VISI (01)
RET ()
JMPB (00)</script>

            <script>
IFSW (20,00,00,7B,00,00,30)
UC (01)
MENU2 (01)
WINDOW (00,0A,00,0A,00,BA,00,39,00)
MESSAGE (00,15)
WINDOW (01,0A,00,46,00,89,00,29,00)
MESSAGE (01,16)
WINDOW (01,0A,00,46,00,DB,00,39,00)
MESSAGE (01,17)
UC (00)
MENU2 (00)</script>

            <script>
RET ()</script>

            <script>
UC (01)
MENU2 (01)
SPLIT (00,00,00,33,00,73,F9,B0,00,00,00,00,00,1E)
WINDOW (01,0A,00,08,00,0D,01,39,00)
MESSAGE (01,03)
WINDOW (01,0A,00,0A,00,0D,01,29,00)
MESSAGE (01,04)
REQEW (03,C4)
WINDOW (01,0A,00,08,00,BD,00,49,00)
MESSAGE (01,06)
REQEW (03,C5)
ANIME1 (03,01)
WINDOW (01,0A,00,0A,00,F4,00,39,00)
MESSAGE (01,0B)
REQEW (03,C6)
JOIN (1E)
WAIT (1E,00)
WINDOW (00,3D,00,3C,00,B5,00,19,00)
MESSAGE (00,0F)
UC (00)
MENU2 (00)
RET ()</script>

            <script>
ANIME1 (04,01)
WINDOW (00,0A,00,64,00,EC,00,29,00)
MESSAGE (00,10)
RET ()</script>
        </entity>



        <entity name="ti">
            <script>
CHAR (02)
PC (02)
IFSW (20,00,00,78,00,00,15)
XYZI (00,00,C6,FF,C3,FA,49,FF,01,00)
DIR (00,80)
TLKON (00)
SOLID (00)
VISI (01)
RET ()
JMPB (00)</script>

            <script>
IFSW (20,00,00,7B,00,00,0E)
WINDOW (02,0A,00,96,00,E7,00,29,00)
MESSAGE (02,18)</script>

            <script>
RET ()</script>

            <script>
MSPED (00,00,06)
MOVE (00,8E,FF,5A,FB)
WINDOW (00,AA,00,50,00,89,00,29,00)
MESSAGE (00,11)
RET ()</script>

            <script>
WINDOW (00,AA,00,50,00,89,00,29,00)
MESSAGE (00,13)
RET ()</script>

            <script>
MOVE (00,3B,00,6B,F9)
TURNGEN (00,C0,01,0F,01)
RET ()</script>
        </entity>



        <entity name="mtr">
            <script>
CHAR (03)
XYZI (00,00,B4,FF,27,FB,4A,FF,01,00)
IFSW (20,00,00,0F,00,04,07)
TLKON (01)
SOLID (01)
VISI (00)
RET ()
JMPB (00)</script>

            <script>
UC (01)
MENU2 (01)
REQEW (03,A3)
TLKON (01)
SOLID (01)
VISI (00)
UC (00)
MENU2 (00)
RET ()</script>

            <script>
RET ()</script>
        </entity>



        <entity name="ln0">
            <script>
LINE (E5,FF,E7,FB,48,FF,6D,FF,E7,FB,48,FF)
RET ()
JMPB (00)</script>

            <script>
RET ()</script>

            <script>
RET ()</script>

            <script>
IFSW (20,00,00,6F,00,04,10)
IFSW (20,00,00,78,00,03,08)
UC (01)
MENU2 (01)
REQEW (03,C7)
RET ()</script>

            <script>
RET ()</script>

            <script>
RET ()</script>

            <script>
RET ()</script>
        </entity>



        <entity name="smoke1">
            <script>
BGCLR (00,01)
RET ()
RANDOM (05,0D)
MOD (50,0D,03)
IFUB (50,0D,00,00,06)
WAIT (78,00)
JMPF (0F)
IFUB (50,0D,01,00,06)
WAIT (5A,00)
JMPF (04)
WAIT (3C,00)
BGON (00,01,00)
WAIT (04,00)
BGOFF (00,01,00)
BGON (00,01,01)
WAIT (04,00)
BGOFF (00,01,01)
BGON (00,01,02)
WAIT (04,00)
BGOFF (00,01,02)
BGON (00,01,03)
WAIT (04,00)
BGOFF (00,01,03)
BGON (00,01,04)
WAIT (04,00)
BGOFF (00,01,04)
BGON (00,01,05)
WAIT (04,00)
BGOFF (00,01,05)
BGON (00,01,06)
WAIT (04,00)
BGOFF (00,01,06)
BGON (00,01,07)
WAIT (04,00)
BGOFF (00,01,07)</script>
        </entity>



        <entity name="smoke2">
            <script>
BGCLR (00,02)
RET ()
RANDOM (05,0E)
MOD (50,0E,03)
IFUB (50,0E,00,00,06)
WAIT (87,00)
JMPF (0F)
IFUB (50,0E,01,00,06)
WAIT (69,00)
JMPF (04)
WAIT (4B,00)
BGON (00,02,00)
WAIT (04,00)
BGOFF (00,02,00)
BGON (00,02,01)
WAIT (04,00)
BGOFF (00,02,01)
BGON (00,02,02)
WAIT (04,00)
BGOFF (00,02,02)
BGON (00,02,03)
WAIT (04,00)
BGOFF (00,02,03)
BGON (00,02,04)
WAIT (04,00)
BGOFF (00,02,04)
BGON (00,02,05)
WAIT (04,00)
BGOFF (00,02,05)
BGON (00,02,06)
WAIT (04,00)
BGOFF (00,02,06)
BGON (00,02,07)
WAIT (04,00)
BGOFF (00,02,07)
JMPB (78)</script>
        </entity>
    </entitys>

    <gateways>
    </gateways>

    <encounters>
    </encounters>

    <walkmesh>
    </walkmesh>
</field>