<?xml version="1.0"?>
<field dialogs="1" entitys="1" gateways="0" encounters="0" walkmesh="0">
    <dialogs>
        <dialog>No.1 Reactor</dialog>

        <dialog>No.5 Reactor</dialog>

        <dialog> </dialog>

        <dialog>Received "Potion"!</dialog>

        <dialog>[Cloud]
"You all right?"</dialog>

        <dialog>Jessie
"Push [Code:Cyan][OK][Code:White] in front of a ladder
    to grab on to it.
    Then use the [Code:Cyan][Directional button][Code:White]
    to climb up and down."</dialog>

        <dialog>Jessie
"My leg got stuck."</dialog>

        <dialog>Jessie
"Thanks!"</dialog>
    </dialogs>






    <entitys>
        <entity name="dir">
            <script>
IFSW (20,00,00,1B,00,00,16)
AKAO (00,00,00,29,40,3C,00,00,00,00,00,00,00)
BTLMD (22,00)
BMUSC (00)
JMPF (13)
AKAO (00,00,00,2A,40,26,00,00,00,00,00,00,00)
MUSIC (01)
BMUSC (02)
IFSW (20,00,00,1B,00,02,07)
MPNAM (01)
BTLTB (01)
JMPF (03)
MPNAM (00)
RET ()
IFSW (20,00,00,1B,00,00,04)
REQ (01,C3)
GETAI (06,03,00)
JMPB (04)</script>
        </entity>



        <entity name="time">
            <script>
RET ()
RET ()</script>


            <script>
RET ()</script>

            <script>
RET ()</script>

            <script>
WMODE (03,01,01)
WINDOW (03,0A,00,0A,00,A0,00,46,00)
WSPCL (03,01,0A,0A)
MESSAGE (03,02)
RET ()</script>
        </entity>



        <entity name="timeo">
            <script>
RET ()
IFSW (20,00,00,1B,00,00,21)
IFUB (10,15,00,00,1B)
IFUB (10,16,00,00,15)
IFUB (10,17,00,00,0F)
BITON (10,E1,07)
MAPJUMP (77,00,12,00,74,FB,01,00,00)
JMPB (28)</script>
        </entity>



        <entity name="cl">
            <script>
CHAR (00)
PC (00)
RET ()
JMPBL (00,00)</script>

            <script>
RET ()</script>

            <script>
RET ()</script>

            <script>
SOLID (00)
RET ()</script>

            <script>
SOLID (01)
TURA (04,0A,02)
ANIM!2 (03,01)
WINDOW (00,78,00,A0,00,89,00,29,00)
MESSAGE (00,04)
RET ()</script>

            <script>
DIR (00,40)
UC (01)
MENU2 (01)
DFANM (04,01)
WAIT (0F,00)
SOUND (00,3E,00,40)
JUMP (00,00,3C,00,7F,07,2A,00,11,00)
WAIT (14,00)
DFANM (00,01)
UC (00)
MENU2 (00)
RET ()</script>

            <script>
DIR (00,C0)
UC (01)
MENU2 (01)
DFANM (04,01)
WAIT (0F,00)
SOUND (00,3E,00,40)
JUMP (00,00,55,FF,85,07,28,00,11,00)
WAIT (14,00)
DFANM (00,01)
UC (00)
MENU2 (00)
RET ()</script>

            <script>
DIR (00,50)
UC (01)
MENU2 (01)
CANM!1 (04,00,27,01)
WAIT (0F,00)
SOUND (00,3E,00,40)
JUMP (00,00,F2,00,3A,07,25,00,11,00)
UC (00)
MENU2 (00)
LADER (00,00,59,FF,18,07,69,06,1C,00,00,05,40,01)
UC (01)
MENU2 (01)
AXYZI (66,66,03,07,09,0B,00)
IFSW (60,0B,00,00,07,02,20)
UC (01)
MENU2 (01)
DIR (00,80)
CANM!1 (04,0F,45,01)
SOUND (00,3E,00,40)
JUMP (00,00,C2,00,85,07,07,00,11,00)
WAIT (14,00)
DFANM (00,01)
UC (00)
MENU2 (00)
RET ()</script>

            <script>
SETBYTE (50,12,01)
UC (01)
MENU2 (01)
SOUND (00,15,00,40)
SLIDR (00,01)
MOVE (00,59,FF,18,07)
SLIDR (00,1E)
UC (00)
MENU2 (00)
LADER (00,00,F2,00,3A,07,75,08,25,00,01,05,40,01)
UC (01)
MENU2 (01)
AXYZI (66,66,03,07,09,0B,00)
IFSW (60,0B,00,00,07,02,20)
UC (01)
MENU2 (01)
DIR (00,80)
CANM!1 (04,0F,45,01)
SOUND (00,3E,00,40)
JUMP (00,00,C2,00,85,07,07,00,11,00)
WAIT (14,00)
DFANM (00,01)
UC (00)
MENU2 (00)
RET ()</script>

            <script>
UC (01)
MENU2 (01)
SOUND (00,15,00,40)
CANM!1 (04,00,27,01)
WAIT (0F,00)
SOUND (00,3E,00,40)
JUMP (00,00,3D,01,AF,05,0D,00,11,00)
UC (00)
MENU2 (00)
LADER (00,00,31,01,B7,05,5D,03,02,00,00,06,40,01)
AXYZI (66,66,03,07,09,0B,00)
IFSW (60,0B,00,00,04,02,24)
UC (01)
MENU2 (01)
DIR (00,80)
CANM!1 (04,0F,45,01)
SOUND (00,3E,00,40)
JUMP (00,00,05,01,C5,05,2C,00,11,00)
WAIT (14,00)
UC (00)
MENU2 (00)
RET ()</script>

            <script>
UC (01)
MENU2 (01)
SOUND (00,15,00,40)
SLIDR (00,01)
MOVE (00,31,01,B7,05)
SLIDR (00,1E)
UC (00)
MENU2 (00)
LADER (00,00,3D,01,AF,05,14,05,0D,00,01,06,40,01)
AXYZI (66,66,03,07,09,0B,00)
IFSW (60,0B,00,00,04,02,24)
UC (01)
MENU2 (01)
DIR (00,80)
CANM!1 (04,0F,45,01)
SOUND (00,3E,00,40)
JUMP (00,00,05,01,C5,05,2C,00,11,00)
WAIT (14,00)
UC (00)
MENU2 (00)
RET ()</script>
        </entity>



        <entity name="av_j">
            <script>
CHAR (01)
DIR (00,C0)
XYZI (00,00,AA,00,82,07,A5,08,1A,00)
IFSW (20,00,00,0E,00,04,0F)
XYZI (00,00,49,FF,A7,04,6B,06,14,00)
DIR (00,80)
IFSW (20,00,00,1B,00,04,20)
IFUB (10,E1,05,0A,14)
XYZI (00,00,49,FF,A7,04,6B,06,14,00)
DFANM (03,01)
DIR (00,00)
JMPF (07)
TLKON (01)
SOLID (01)
VISI (00)
RET ()
JMPB (00)</script>

            <script>
IFUBL (20,00,0E,03,6F,00)
UC (01)
MENU2 (01)
WINDOW (00,0A,00,79,00,09,01,59,00)
MESSAGE (00,05)
MSPED (00,00,0A)
ANIME2 (04,0F)
TURNGEN (00,10,00,0F,01)
ANIMW ()
REQ (05,C3)
SETWORD (20,00,0E,00)
CANM!1 (05,00,27,01)
WAIT (0F,00)
SOUND (00,3E,00,40)
JUMP (00,00,F2,00,3A,07,25,00,11,00)
UC (00)
MENU2 (00)
DFANM (06,01)
LADER (00,00,59,FF,18,07,69,06,1C,00,01,06,40,01)
DFANM (00,01)
MOVE (00,45,FF,FC,06)
MOVE (00,49,FF,A7,04)
REQ (05,C4)
DIR (00,80)
JMPFL (F9,00)
IFUBL (20,00,1B,04,DD,00)
IFUBL (10,E1,05,0A,D3,00)
BITON (10,E1,05)
UC (01)
MENU2 (01)
REQEW (03,C4)
WINDOW (00,5A,00,1E,00,86,00,29,00)
MESSAGE (00,06)
ANIM!2 (07,01)
DFANM (00,01)
TURA (03,0A,02)
WAIT (04,00)
WINDOW (00,5A,00,1E,00,4F,00,29,00)
MESSAGE (00,07)
WAIT (04,00)
DFANM (05,01)
WAIT (0F,00)
SOUND (00,3E,00,40)
JUMP (00,00,45,FF,74,05,06,00,11,00)
WAIT (14,00)
REQ (03,C3)
MSPED (00,00,15)
MOVE (00,45,FF,0C,07)
SLIDR (00,01)
MOVE (00,59,FF,18,07)
UC (00)
MENU2 (00)
DFANM (06,01)
LADER (00,00,F2,00,3A,07,75,08,25,00,01,06,40,01)
DIR (00,80)
MSPED (00,00,08)
DFANM (05,01)
WAIT (0F,00)
SOUND (00,3E,00,40)
JUMP (00,00,C2,00,85,07,07,00,11,00)
WAIT (14,00)
MSPED (00,00,15)
MOVE (00,3B,00,7F,07)
MSPED (00,00,08)
DFANM (05,01)
WAIT (0F,00)
SOUND (00,3E,00,40)
JUMP (00,00,55,FF,85,07,28,00,11,00)
WAIT (14,00)
MSPED (00,00,15)
MOVE (00,C4,FE,85,07)
TLKON (01)
SOLID (01)
VISI (00)
JMPFL (17,00)
UC (01)
MENU2 (01)
WINDOW (00,0A,00,0A,00,09,01,59,00)
MESSAGE (00,05)
UC (00)
MENU2 (00)
RET ()</script>
        </entity>



        <entity name="po0">
            <script>
CHAR (02)
XYZI (00,00,3A,FF,8A,05,6B,06,06,00)
IFUB (F0,20,02,09,07)
TLKON (01)
SOLID (01)
VISI (00)
RET ()
KAWAI (05,0D,00,00)
WAIT (01,00)
KAWAI (04,0D,01)
RET ()</script>

            <script>
UC (01)
MENU2 (01)
SOUND (00,68,01,40)
TLKON (01)
SOLID (01)
VISI (00)
WINDOW (00,53,00,0A,00,8A,00,19,00)
MESSAGE (00,03)
STITM (00,00,00,01)
BITON (F0,20,02)
UC (00)
MENU2 (00)</script>

            <script>
RET ()</script>

            <script>
SOLID (01)
RET ()</script>

            <script>
SOLID (00)
RET ()</script>
        </entity>



        <entity name="jp0">
            <script>
LINE (74,FF,A9,07,A4,08,74,FF,59,07,A4,08)
RET ()
JMPBL (00,00)</script>

            <script>
RET ()</script>

            <script>
REQEW (03,C5)
RET ()</script>

            <script>
RET ()</script>

            <script>
RET ()</script>

            <script>
RET ()</script>

            <script>
RET ()</script>
        </entity>



        <entity name="jp1">
            <script>
LINE (25,00,95,07,A5,08,25,00,51,07,A5,08)
RET ()
JMPB (00)</script>

            <script>
RET ()</script>

            <script>
REQEW (03,C6)
RET ()</script>

            <script>
RET ()</script>

            <script>
RET ()</script>

            <script>
RET ()</script>

            <script>
RET ()</script>
        </entity>



        <entity name="jp2">
            <script>
LINE (9D,00,97,07,A6,08,E4,00,50,07,A6,08)
RET ()
JMPB (00)</script>

            <script>
RET ()</script>

            <script>
RET ()</script>

            <script>
RET ()</script>

            <script>
IFKEYON (20,02,04)
REQ (03,A7)
RET ()
</script>

            <script>
RET ()</script>

            <script>
RET ()</script>
        </entity>



        <entity name="lad0">
            <script>
LINE (4D,FF,27,07,69,06,4D,FF,D3,06,6A,06)
RET ()
JMPB (00)</script>

            <script>
RET ()</script>

            <script>
RET ()</script>

            <script>
RET ()</script>

            <script>
IFKEYON (20,02,04)
REQ (03,C8)
RET ()</script>

            <script>
RET ()</script>

            <script>
RET ()</script>
        </entity>



        <entity name="ladd1">
            <script>
LINE (34,01,CF,05,29,05,DC,00,CF,05,29,05)
RET ()
JMPB (00)</script>

            <script>
RET ()</script>

            <script>
RET ()</script>

            <script>
RET ()</script>

            <script>
IFKEYON (20,02,04)
REQ (03,C9)
RET ()
</script>

            <script>
RET ()</script>

            <script>
RET ()</script>
        </entity>



        <entity name="ladu1">
            <script>
LINE (22,01,E0,05,51,03,22,01,67,05,60,03)
RET ()
JMPB (00)</script>

            <script>
RET ()</script>

            <script>
RET ()</script>

            <script>
RET ()</script>

            <script>
IFKEYON (20,02,04)
REQ (03,CA)
RET ()
</script>

            <script>
RET ()</script>

            <script>
RET ()</script>
        </entity>



        <entity name="smoke1">
            <script>
BGCLR (00,01)
BGON (00,01,00)
RET ()
WAIT (04,00)
BGOFF (00,01,00)
BGON (00,01,01)
WAIT (05,00)
BGOFF (00,01,01)
BGON (00,01,02)
WAIT (05,00)
BGOFF (00,01,02)
BGON (00,01,03)
WAIT (05,00)
BGOFF (00,01,03)
BGON (00,01,04)
WAIT (05,00)
BGOFF (00,01,04)
BGON (00,01,05)
WAIT (05,00)
BGOFF (00,01,05)
BGON (00,01,00)
JMPB (42)</script>
        </entity>



        <entity name="smoke2">
            <script>
BGCLR (00,02)
BGON (00,02,00)
RET ()
WAIT (03,00)
BGOFF (00,02,00)
BGON (00,02,01)
WAIT (04,00)
BGOFF (00,02,01)
BGON (00,02,02)
WAIT (04,00)
BGOFF (00,02,02)
BGON (00,02,03)
WAIT (04,00)
BGOFF (00,02,03)
BGON (00,02,04)
WAIT (04,00)
BGOFF (00,02,04)
BGON (00,02,05)
WAIT (04,00)
BGOFF (00,02,05)
BGON (00,02,00)
JMPB (42)</script>
        </entity>
    </entitys>

    <gateways>
    </gateways>

    <encounters>
    </encounters>

    <walkmesh>
    </walkmesh>
</field>