<?xml version="1.0"?>
<field dialogs="1" entitys="1" gateways="0" encounters="0" walkmesh="0">
    <dialogs>
        <dialog>No.1 Reactor</dialog>

        <dialog>No.5 Reactor</dialog>

        <dialog> </dialog>
    </dialogs>






    <entitys>
        <entity name="dir">
            <script>
SETWORD (60,02,1D,00)
SETWORD (60,04,A6,00)
IFSW (20,00,00,1B,00,00,16)
AKAO (00,00,00,29,40,3C,00,00,00,00,00,00,00)
BTLMD (22,00)
BMUSC (00)
JMPF (13)
AKAO (00,00,00,2A,40,26,00,00,00,00,00,00,00)
MUSIC (01)
BMUSC (02)
IFSW (20,00,00,1B,00,02,07)
MPNAM (01)
BTLTB (01)
JMPF (03)
MPNAM (00)
RET ()
IFSW (20,00,00,1B,00,00,04)
REQ (01,C3)
GETAI (06,03,00)
JMPB (04)</script>
        </entity>



        <entity name="time">
            <script>
RET ()
RET ()</script>


            <script>
RET ()</script>

            <script>
RET ()</script>

            <script>
WMODE (03,01,01)
WINDOW (03,0A,00,0A,00,A0,00,46,00)
WSPCL (03,01,0A,0A)
MESSAGE (03,02)
RET ()</script>
        </entity>



        <entity name="timeo">
            <script>
RET ()
IFSW (20,00,00,1B,00,00,21)
IFUB (10,15,00,00,1B)
IFUB (10,16,00,00,15)
IFUB (10,17,00,00,0F)
BITON (10,E1,07)
MAPJUMP (77,00,12,00,74,FB,01,00,00)
JMPB (28)</script>
        </entity>



        <entity name="cl">
            <script>
CHAR (00)
PC (00)
RET ()
JMPB (00)</script>


            <script>
RET ()</script>

            <script>
RET ()</script>

            <script>
UC (01)
MENU2 (01)
SOUND (00,15,00,40)
SLIDR (00,01)
MOVE (00,A8,00,8E,00)
SLIDR (00,1E)
UC (00)
MENU2 (00)
LADER (00,00,A6,00,F8,00,0D,07,66,00,01,03,80,01)
RET ()</script>

            <script>
UC (01)
MENU2 (01)
SOUND (00,15,00,40)
SLIDR (00,01)
MOVE (00,A6,00,F8,00)
SLIDR (00,1E)
UC (00)
MENU2 (00)
LADER (00,00,A8,00,8E,00,2E,06,4F,00,00,03,80,01)
RET ()</script>

            <script>
DFANM (04,01)
SOUND (00,04,01,40)
FMOVE (00,91,03,66,06)
MSPED (00,00,10)
FMOVE (00,88,03,32,02)
MSPED (00,00,04)
CANM!1 (05,0E,33,01)
SOUND (00,3E,00,40)
JUMP (00,00,BD,03,C4,02,22,00,11,00)
WAIT (14,00)
DFANM (00,01)
RET ()</script>
        </entity>



        <entity name="av_j">
            <script>
CHAR (01)
XYZI (00,00,15,FE,CB,FF,DC,05,48,00)
IFSW (20,00,00,0D,00,04,07)
TLKON (01)
SOLID (01)
VISI (00)
SOLID (01)
RET ()
IFSW (20,00,00,0D,00,03,36)
MSPED (00,00,0C)
MOVE (00,7D,01,DF,FF)
MOVE (00,97,02,05,03)
MOVE (00,12,03,32,03)
MSPED (00,00,10)
SETWORD (20,00,0D,00)
MOVE (00,1A,03,80,FF)
MSPED (00,00,0C)
MOVE (00,D0,FC,04,FF)
TLKON (01)
SOLID (01)
VISI (00)
JMPB (00)</script>


            <script>
RET ()</script>

            <script>
RET ()</script>
        </entity>



        <entity name="ladu0">
            <script>
LINE (86,00,91,00,2E,06,D5,00,84,00,2E,06)
RET ()
JMPB (00)</script>


            <script>
RET ()</script>

            <script>
RET ()</script>

            <script>
RET ()</script>

            <script>
IFKEYON (20,02,04)
REQEW (03,C3)
RET ()</script>

            <script>
RET ()</script>

            <script>
RET ()</script>
        </entity>



        <entity name="ladd0">
            <script>
LINE (82,00,0C,01,07,07,CC,00,14,01,06,07)
RET ()
JMPB (00)</script>


            <script>
RET ()</script>

            <script>
RET ()</script>

            <script>
RET ()</script>

            <script>
IFKEYON (20,02,04)
REQEW (03,C4)
RET ()</script>

            <script>
RET ()</script>

            <script>
RET ()</script>
        </entity>



        <entity name="slp0">
            <script>
LINE (30,03,91,07,32,07,73,03,37,08,33,07)
RET ()
JMPB (00)</script>


            <script>
RET ()</script>

            <script>
RET ()</script>

            <script>
UC (01)
MENU2 (01)
REQEW (03,C5)
UC (00)
MENU2 (00)
RET ()</script>

            <script>
RET ()</script>

            <script>
RET ()</script>

            <script>
RET ()</script>
        </entity>
    </entitys>






    <gateways>
    </gateways>

    <encounters>
    </encounters>

    <walkmesh>
    </walkmesh>
</field>