<?xml version="1.0"?>
<field dialogs="1" entitys="1" gateways="0" encounters="0" walkmesh="0">
    <dialogs>
        <dialog>No.1 Reactor</dialog>

        <dialog> </dialog>

        <dialog>Received "Phoenix Down"!</dialog>

        <dialog>[Barret]
"Yo! This your first time in a reactor?"</dialog>

        <dialog>[Cloud]
"No. After all, I did work for Shinra, y'know."</dialog>

        <dialog>[Barret]
"The planet's full of Mako energy.
    People here use it everyday."</dialog>

        <dialog>[Barret]
"It's the life blood of this planet.
    But Shinra keeps suckin' the blood out
    with these weird machines."</dialog>

        <dialog>[Cloud]
"I'm not here for a lecture.
    Let's just do it."</dialog>

        <dialog>[Barret]
"Alright! You come with me
    from now on."</dialog>

        <dialog>Biggs
"Code deciphered."</dialog>

        <dialog>Can't decipher code
without Biggs</dialog>

        <dialog>Biggs
"Think how many of our people risked their
    lives, just for this code..."</dialog>

        <dialog>Biggs
"Jessie still isn't back yet!"</dialog>

        <dialog>Biggs
"Let's go!"</dialog>

        <dialog>Jessie
"Biggs and I got the code for this door."</dialog>

        <dialog>Can't decipher code
without Jessie</dialog>

        <dialog>Jessie
"Code deciphered."</dialog>

        <dialog>Jessie
"Alright, be careful."</dialog>

        <dialog> </dialog>
    </dialogs>

    <entitys>
        <entity name="dir">
            <script>
IDLCK (25,00,01)
IDLCK (0A,00,01)
IDLCK (08,00,01)
IDLCK (02,00,01)
IDLCK (33,00,01)
IDLCK (34,00,01)
IDLCK (35,00,01)
IDLCK (3D,00,01)
IFSW (20,00,00,1B,00,00,16)
AKAO (00,00,00,29,40,3C,00,00,00,00,00,00,00)
BTLMD (22,00)
BMUSC (00)
JMPF (15)
AKAO (00,00,00,C0,7F,00,00,00,00,00,00,00,00)
MULCK (00)
MUSIC (01)
BMUSC (02)
IFSW (20,00,00,1B,00,03,03)
BTLON (01)
MPNAM (00)
RET ()
REQ (0B,C3)
IFSW (20,00,00,1B,00,00,04)
REQ (01,C3)
GETAI (06,03,00)
JMPBL (04,00)</script>
        </entity>



        <entity name="time">
            <script>
RET ()
RET ()</script>


            <script>
RET ()</script>

            <script>
RET ()</script>

            <script>
WMODE (03,01,01)
WINDOW (03,0A,00,0A,00,A0,00,46,00)
WSPCL (03,01,0A,0A)
MESSAGE (03,01)
RET ()</script>
        </entity>



        <entity name="timeo">
            <script>
RET ()
IFSW (20,00,00,1B,00,00,21)
IFUB (10,15,00,00,1B)
IFUB (10,16,00,00,15)
IFUB (10,17,00,00,0F)
BITON (10,E1,07)
MAPJUMP (77,00,12,00,74,FB,01,00,00)
JMPB (28)</script>
        </entity>



        <entity name="cl">
            <script>
CHAR (00)
PC (00)
RET ()
JMPB (00)</script>

            <script>
RET ()</script>

            <script>
RET ()</script>

            <script>
DIR (00,77)
RET ()</script>

            <script>
ANIM!2 (03,01)
WINDOW (01,1E,00,8C,00,25,01,29,00)
MESSAGE (01,04)
RET ()</script>

            <script>
ANIM!2 (04,01)
RET ()</script>

            <script>
WINDOW (00,1E,00,8C,00,B1,00,39,00)
MESSAGE (00,07)
RET ()</script>

            <script>
UC (01)
MENU2 (01)
MOVE (00,E2,F9,7A,0D)
DIR (00,C7)
WINDOW (00,5A,00,08,00,85,00,29,00)
MESSAGE (00,0F)
UC (00)
MENU2 (00)
RET ()</script>

            <script>
UC (01)
MENU2 (01)
MOVE (00,DA,FA,77,0A)
DIR (00,27)
WINDOW (00,5A,00,08,00,85,00,29,00)
MESSAGE (00,0A)
UC (00)
MENU2 (00)
RET ()</script>

            <script>
SOLID (01)
RET ()</script>

            <script>
SOLID (00)
RET ()</script>
        </entity>



        <entity name="ba">
            <script>
CHAR (01)
PC (01)
IFSW (20,00,00,0A,00,00,15)
XYZI (00,00,4D,FD,0A,09,EC,FE,1E,00)
DIR (00,00)
TLKON (00)
SOLID (00)
VISI (01)
RET ()
JMPB (00)</script>

            <script>
RET ()</script>

            <script>
RET ()</script>

            <script>
MSPED (00,00,0A)
ANIME1 (03,01)
WINDOW (00,82,00,0A,00,F7,00,29,00)
MESSAGE (00,03)
RET ()</script>

            <script>
ANIME1 (03,01)
WINDOW (00,46,00,0A,00,DA,00,39,00)
MESSAGE (00,05)
RET ()</script>

            <script>
DFANM (04,01)
WINDOW (00,46,00,08,00,F8,00,49,00)
MESSAGE (00,06)
DFANM (00,01)
RET ()</script>
        </entity>



        <entity name="">
            <script>
CHAR (02)
XYZI (00,00,00,FA,D2,11,F1,FE,47,00)
DIR (00,00)
OFST (00,00,00,F2,FF,00,00,EA,FF,00,00)
SOLID (01)
RET ()
JMPB (00)</script>

            <script>
RET ()</script>

            <script>
RET ()</script>

            <script>
IFUBL (50,02,00,00,3D,00)
UC (01)
MENU2 (01)
SETBYTE (50,02,01)
IFUBL (10,E2,01,0A,0B,00)
REQEW (0A,CA)
REQ (03,C9)
WAIT (08,00)
SOUND (00,36,00,40)
OFST (00,00,01,96,00,00,00,EA,FF,1E,00)
IDLCK (3D,00,00)
IFUBL (10,E2,01,0A,05,00)
REQEW (0A,CB)
UC (00)
MENU2 (00)
RET ()</script>
        </entity>



        <entity name="">
            <script>
CHAR (03)
XYZI (00,00,3B,FC,F2,09,EF,FE,08,00)
DIR (00,40)
SOLID (01)
RET ()
IFUB (10,E1,03,09,1D)
IDLCK (25,00,00)
IDLCK (0A,00,00)
IDLCK (08,00,00)
IDLCK (02,00,00)
OFST (00,00,00,00,00,B8,00,00,00,00,00)
JMPB (00)</script>

            <script>
RET ()</script>

            <script>
RET ()</script>

            <script>
UC (01)
MENU2 (01)
IFUB (10,E1,06,0A,0D)
IFSW (20,00,00,1B,00,04,05)
REQ (03,C8)
RET ()
IFSW (20,00,00,1B,00,03,06)
REQEW (09,C3)
JMPF (04)
REQEW (09,C6)
SOUND (00,36,00,40)
SOLID (01)
OFST (00,00,01,00,00,B8,00,00,00,1E,00)
OFSTW ()
IDLCK (25,00,00)
IDLCK (0A,00,00)
IDLCK (08,00,00)
IDLCK (02,00,00)
IFSW (20,00,00,1B,00,03,09)
REQ (09,C4)
REQ (0A,C3)
JMPF (07)
REQ (09,C7)
REQ (0A,C9)
BITON (10,E1,03)
UC (00)
MENU2 (00)
RET ()</script>
        </entity>



        <entity name="">
            <script>
CHAR (04)
XYZI (00,00,D8,F9,60,0C,EF,FE,34,00)
DIR (00,80)
SOLID (01)
RET ()
IFUB (10,E1,04,09,19)
OFST (00,00,00,48,FF,00,00,00,00,00,00)
IDLCK (33,00,00)
IDLCK (34,00,00)
IDLCK (35,00,00)
JMPB (00)</script>

            <script>
RET ()</script>

            <script>
RET ()</script>

            <script>
UC (01)
MENU2 (01)
IFUBL (10,E1,05,0A,0D,00)
IFUBL (20,00,1B,04,06,00)
REQ (03,C7)
RET ()
IFUBL (20,00,1B,03,08,00)
REQEW (0A,C4)
JMPFL (05,00)
REQEW (0A,C7)
SOUND (00,36,00,40)
REQ (08,C3)
SOLID (01)
OFST (00,00,01,48,FF,00,00,00,00,1E,00)
OFSTW ()
IDLCK (33,00,00)
IDLCK (34,00,00)
IDLCK (35,00,00)
WAIT (08,00)
IFUBL (20,00,1B,03,11,00)
REQ (03,C9)
REQEW (0A,C5)
REQ (03,CA)
REQ (0A,C6)
JMPFL (0B,00)
REQ (0A,C8)
REQ (09,C5)
WAIT (0A,00)
BITON (10,E1,04)
UC (00)
MENU2 (00)
RET ()</script>
        </entity>



        <entity name="">
            <script>
CHAR (05)
XYZI (00,00,90,FA,61,0C,EF,FE,34,00)
DIR (00,00)
SOLID (01)
RET ()
IFUB (10,E1,04,09,0D)
OFST (00,00,00,9A,00,00,00,00,00,00,00)
JMPB (00)</script>

            <script>
RET ()</script>

            <script>
RET ()</script>

            <script>
OFST (00,00,01,9A,00,00,00,00,00,1E,00)
OFSTW ()
RET ()</script>
        </entity>



        <entity name="av_b">
            <script>
CHAR (06)
XYZI (00,00,AA,FC,29,09,EB,FE,19,00)
DIR (00,00)
IFSW (20,00,00,1B,00,03,17)
IFUB (10,E1,03,09,0F)
XYZI (00,00,63,F9,EF,0A,EF,FE,2D,00)
DIR (00,27)
JMPF (47)
TLKON (01)
SOLID (01)
VISI (00)
IFUB (10,E1,06,09,2F)
XYZI (00,00,C9,FA,27,0D,EF,FE,1C,00)
DIR (00,A7)
TLKON (00)
SOLID (00)
VISI (01)
IFUB (10,E1,04,09,15)
XYZI (00,00,0B,FB,99,0B,EF,FE,27,00)
DIR (00,A7)
TLKON (00)
SOLID (00)
VISI (01)
IFUB (10,E1,03,09,07)
TLKON (01)
SOLID (01)
VISI (00)
RET ()
JMPB (00)</script>

            <script>
IFSW (20,00,00,1B,00,03,27)
IFUB (10,E1,03,0A,0A)
BITON (10,E1,03)
REQ (06,C3)
JMPF (16)
UC (01)
MENU2 (01)
WINDOW (00,0A,00,0A,00,0A,01,39,00)
MESSAGE (00,0B)
UC (00)
MENU2 (00)
JMPF (57)
IFUB (10,E1,05,0A,10)
WINDOW (00,0A,00,0A,00,D3,00,29,00)
MESSAGE (00,0C)
JMPF (42)
IFUB (10,E1,04,0A,18)
UC (01)
MENU2 (01)
WINDOW (00,0A,00,0A,00,55,00,29,00)
MESSAGE (00,0D)
UC (00)
MENU2 (00)
JMPF (25)
IFUB (10,E1,03,0A,0A)
BITON (10,E1,03)
REQ (06,C3)
JMPF (16)
UC (01)
MENU2 (01)
WINDOW (00,0A,00,0A,00,55,00,29,00)
MESSAGE (00,0D)
UC (00)
MENU2 (00)</script>

            <script>
RET ()</script>

            <script>
TURNGEN (00,B7,02,0A,02)
WAIT (0A,00)
ANIM!2 (03,01)
SOUND (00,33,00,40)
WINDOW (00,1E,00,78,00,7F,00,29,00)
MESSAGE (00,09)
RET ()</script>

            <script>
TLKON (01)
SOLID (01)
MSPED (00,00,10)
MOVE (00,86,FC,E8,09)
MOVE (00,C4,FA,C3,0A)
MOVE (00,63,F9,EF,0A)
DIR (00,27)
DFANM (00,01)
TLKON (00)
SOLID (00)
RET ()</script>

            <script>
TLKON (01)
SOLID (01)
MSPED (00,00,1A)
MOVE (00,E2,F9,AE,0C)
MOVE (00,FE,FA,98,0B)
DIR (00,27)
TLKON (00)
SOLID (00)
RET ()</script>

            <script>
TLKON (01)
SOLID (01)
MSPED (00,00,10)
MOVE (00,FB,FB,C8,0A)
SOUND (00,33,00,40)
WINDOW (00,1E,00,78,00,7F,00,29,00)
MESSAGE (00,09)
TLKON (00)
SOLID (00)
RET ()</script>

            <script>
SOLID (01)
MOVE (00,F1,FB,01,0A)
MOVE (00,23,FD,9A,09)
MOVE (00,3F,FD,F4,07)
MOVE (00,E2,FC,AC,03)
TLKON (01)
SOLID (01)
VISI (00)
RET ()</script>
        </entity>



        <entity name="av_j">
            <script>
CHAR (07)
XYZI (00,00,C1,FD,47,0A,ED,FE,1F,00)
DIR (00,07)
IFSW (20,00,00,1B,00,03,37)
IFUB (10,E1,03,09,0F)
XYZI (00,00,6A,F9,CD,0B,EF,FE,2D,00)
DIR (00,80)
IFUB (10,E1,04,09,0F)
XYZI (00,00,95,F9,1E,11,EF,FE,38,00)
DIR (00,67)
IFUB (10,E2,01,09,07)
TLKON (01)
SOLID (01)
VISI (00)
JMPF (47)
TLKON (01)
SOLID (01)
VISI (00)
IFUB (10,E1,05,09,15)
XYZI (00,00,D4,F8,3C,0E,EF,FE,36,00)
DIR (00,27)
TLKON (00)
SOLID (00)
VISI (01)
IFUB (10,E1,04,09,15)
XYZI (00,00,25,FA,A9,0A,EF,FE,2B,00)
DIR (00,27)
TLKON (00)
SOLID (00)
VISI (01)
IFUB (10,E1,03,09,07)
TLKON (01)
SOLID (01)
VISI (00)
RET ()
JMPB (00)</script>

            <script>
IFUBL (20,00,1B,03,3F,00)
IFUBL (10,E1,03,09,0C,00)
IFUBL (10,E1,04,09,05,00)
REQ (05,C3)
IFUBL (10,E1,03,0A,1A,00)
UC (01)
MENU2 (01)
WINDOW (00,0A,00,0A,00,FA,00,29,00)
MESSAGE (00,0E)
UC (00)
MENU2 (00)
JMPFL (0C,00)
IFUBL (10,E1,04,0A,05,00)
REQ (07,C3)
JMPFL (24,00)
IFUBL (10,E1,04,0A,08,00)
REQ (07,C3)
JMPFL (17,00)
UC (01)
MENU2 (01)
WINDOW (00,0A,00,0A,00,95,00,29,00)
MESSAGE (00,11)
UC (00)
MENU2 (00)</script>

            <script>
RET ()</script>

            <script>
TLKON (01)
SOLID (01)
MSPED (00,00,1A)
MOVE (00,92,FC,B5,09)
MOVE (00,6A,F9,CD,0B)
DIR (00,80)
TLKON (00)
SOLID (00)
RET ()</script>

            <script>
DIR (00,67)
WAIT (0A,00)
ANIM!2 (03,01)
SOUND (00,33,00,40)
WINDOW (00,1E,00,14,00,7F,00,29,00)
MESSAGE (00,10)
RET ()</script>

            <script>
TLKON (01)
SOLID (01)
MSPED (00,00,1A)
MOVE (00,7B,FA,CE,0B)
MOVE (00,FD,F9,22,0D)
SOLID (00)
TLKON (00)
RET ()</script>

            <script>
TLKON (01)
SOLID (01)
MOVE (00,95,F9,1E,11)
DIR (00,67)
TLKON (00)
SOLID (00)
RET ()</script>

            <script>
TLKON (01)
SOLID (01)
MSPED (00,00,1A)
MOVE (00,32,F9,80,0C)
SOUND (00,33,00,40)
WINDOW (00,1E,00,14,00,7F,00,29,00)
MESSAGE (00,10)
TLKON (00)
SOLID (00)
RET ()</script>

            <script>
TLKON (01)
SOLID (01)
MOVE (00,32,FA,9A,0C)
MOVE (00,25,FA,A9,0A)
DIR (00,27)
TLKON (00)
SOLID (00)
RET ()</script>

            <script>
SOLID (01)
MSPED (00,00,10)
MOVE (00,F1,FB,01,0A)
MOVE (00,23,FD,9A,09)
MOVE (00,3F,FD,F4,07)
MOVE (00,E2,FC,AC,03)
TLKON (01)
SOLID (01)
VISI (00)
RET ()</script>

            <script>
CANM!2 (04,00,10,01)
SOUND (00,33,00,40)
RET ()</script>

            <script>
TLKON (01)
SOLID (01)
CANIM2 (04,10,1D,01)
MSPED (00,00,0A)
MOVE (00,22,FA,45,11)
MOVE (00,3D,FA,0E,12)
DIR (00,00)
BITON (10,E2,01)
RET ()</script>
        </entity>



        <entity name="fe0">
            <script>
CHAR (08)
XYZI (00,00,81,01,35,0C,F0,FE,5F,00)
RET ()
IFUB (F0,20,03,0A,14)
KAWAI (05,0D,00,00)
WAIT (01,00)
KAWAI (04,0D,01)
CANM!2 (00,00,00,01)
JMPF (06)
CANM!2 (00,1D,1D,01)
JMPB (00)
RET ()</script>

            <script>
IFUB (F0,20,03,0A,4B)
UC (01)
MENU2 (01)
BITON (F0,20,03)
SOUND (00,00,01,40)
ANIM!2 (00,01)
SOUND (00,68,01,40)
KAWAI (05,0D,02,00)
WAIT (01,00)
KAWAI (0A,02,00,00,00,00,00,00,01)
WAIT (01,00)
KAWAI (0A,02,00,00,00,00,00,00,01)
WINDOW (00,3D,00,0A,00,B6,00,19,00)
MESSAGE (00,02)
STITM (00,07,00,01)
UC (00)
MENU2 (00)
RET ()</script>

            <script>
RET ()</script>

            <script>
RET ()</script>
        </entity>



        <entity name="evb">
            <script>
LINE (80,FC,76,08,EE,FE,00,FE,76,08,EE,FE)
RET ()
JMPB (00)</script>

            <script>
RET ()</script>

            <script>
RET ()</script>

            <script>
IFSW (20,00,00,0B,00,03,36)
SETWORD (20,00,0B,00)
UC (01)
MENU2 (01)
REQEW (03,C3)
REQEW (04,C3)
REQEW (03,C4)
REQEW (04,C4)
REQEW (03,C5)
REQEW (04,C5)
REQEW (03,C6)
WINDOW (01,8C,00,0A,00,D5,00,39,00)
MESSAGE (01,08)
PRTYE (00,01,FE)
JOIN (1E)
UC (00)
MENU2 (00)
RET ()</script>

            <script>
RET ()</script>

            <script>
RET ()</script>

            <script>
RET ()</script>
        </entity>



        <entity name="drE">
            <script>
LINE (BF,F9,30,11,EF,FE,FB,F8,30,11,EF,FE)
RET ()
JMPB (00)</script>

            <script>
RET ()</script>

            <script>
RET ()</script>

            <script>
RET ()</script>

            <script>
IFKEYON (20,00,04)
REQ (05,C3)
RET ()</script>

            <script>
RET ()</script>

            <script>
RET ()</script>
        </entity>



        <entity name="light">
            <script>
SETBYTE (50,14,42)
SETBYTE (50,15,42)
SETBYTE (50,16,42)
SETBYTE (50,17,FF)
RET ()
STPAL (00,0D,00,FF)
IFUB (50,14,62,03,26)
PLUS (50,14,10)
PLUS (50,15,10)
PLUS (50,16,10)
MPPAL2 (00,55,50,00,10,14,15,16,FF)
WAIT (01,00)
CPPAL (00,00,10,00)
LDPAL (00,10,0D,FF)
JMPB (29)
IFUB (50,14,04,02,26)
MINUS (50,14,18)
MINUS (50,15,18)
MINUS (50,16,18)
MPPAL2 (00,55,50,00,10,14,15,16,FF)
WAIT (01,00)
CPPAL (00,00,10,00)
LDPAL (00,10,0D,FF)
JMPB (29)
JMPB (56)</script>

            <script>
RET ()</script>
        </entity>
    </entitys>

    <gateways>
    </gateways>

    <encounters>
    </encounters>

    <walkmesh>
    </walkmesh>
</field>