<?xml version="1.0"?>
<field dialogs="1" entitys="1" gateways="0" encounters="0" walkmesh="0">
    <dialogs>
        <dialog>No.1 Reactor</dialog>

        <dialog>Wedge
"I'll secure our escape passage.
    You concentrate on the
    mission, [Cloud]."</dialog>

        <dialog>Wedge
"Geez, we're really gonna blow
    this huge furnace up?
    This'll be somethin' to see!"</dialog>

        <dialog>Thanks for compleating Q-Gears FFVII v0.13
Please wait till the 0.14. See you again.
                                 Development Team.</dialog>
    </dialogs>






    <entitys>
        <entity name="dir">
            <script>
IFSW (20,00,00,1B,00,04,17)
SCR2D (00,E3,FF,28,00)
AKAO (00,00,00,29,40,3C,00,00,00,00,00,00,00)
JMPF (06)
BTLMD (20,00)
MUSIC (00)
MPNAM (00)
RET ()
IFSW (20,00,00,1B,00,03,08)
REQ (09,C1)
IDLCK (0B,00,01)
GETAI (06,01,00)
GETAXY (66,01,0B,0D)
JMPB (09)</script>

            <script>
RET ()</script>

            <script>
RET ()</script>

            <script>
MVCAM (01)
PMVIE (15)
SETBYTE (50,14,01)
SETWORD (20,00,21,00)
BITON (10,E1,00)
MOVIE ()
MVCAM (00)
IFUB (10,E1,07,09,02)
GAMEOVER ()
AKAO (00,00,00,29,40,00,00,00,00,00,00,00,00)
MUSIC (01)
AKAO (00,00,00,A1,7F,00,00,00,00,00,00,00,00)
AKAO (00,00,00,C1,00,7F,00,00,00,00,00,00,00)
WINDOW (01,00,00,00,00,40,01,8A,00)
MESSAGE (01,03)
UC (01)
MENU2 (01)
//MAPJUMP (88,00,EB,FF,9C,00,02,00,00)
RET ()</script>
        </entity>



        <entity name="cl">
            <script>
CHAR (00)
PC (00)
IFSW (20,00,00,1B,00,00,05)
UC (01)
MENU2 (01)
RET ()
IFSW (20,00,00,1B,00,00,24)
IFUB (10,E1,07,09,1E)
TLKON (01)
SOLID (01)
VISI (00)
WAIT (08,00)
REQ (00,C3)
WAIT (14,00)
AKAO (00,00,00,29,40,00,00,00,00,00,00,00,00)
JMPB (00)</script>

            <script>
RET ()</script>

            <script>
RET()</script>

            <script>
SOLID (01)
XYZI (00,00,00,00,17,FC,EB,01,01,00)
MSPED (00,00,12)
WAIT (37,00)
MOVE (00,38,00,40,F4)
MOVE (00,00,FE,40,F4)
ASPED (00,20,00)
MSPED (00,00,20)
DIR (00,00)
ANIM!2 (03,01)
RET ()</script>

            <script>
ANIME1 (04,01)
MOVE (00,29,FB,E8,F3)
AKAO (00,00,00,29,40,00,00,00,00,00,00,00,00)
RET ()</script>
        </entity>



        <entity name="ba">
            <script>
CHAR (01)
PC (01)
IFSW (20,00,00,1B,00,00,18)
IFUB (10,E1,07,0A,12)
XYZI (00,00,DC,FF,49,FC,EB,01,0A,00)
TLKON (00)
SOLID (00)
VISI (01)
RET ()
IFSW (20,00,00,1B,00,00,1C)
IFUB (10,E1,07,0A,16)
MSPED (00,00,10)
SOLID (01)
WAIT (04,00)
MOVE (00,06,00,29,F4)
MOVE (00,29,FB,1E,F4)
JMPB (00)</script>
        </entity>



        <entity name="av_b">
            <script>
CHAR (02)
DIR (00,B0)
XYZI (00,00,C0,00,52,F4,EB,01,05,00)
IFSW (20,00,00,0A,00,04,07)
TLKON (01)
SOLID (01)
VISI (00)
IFSW (20,00,00,1B,00,04,12)
XYZI (00,00,26,00,F5,FB,EB,01,01,00)
TLKON (00)
SOLID (00)
VISI (01)
IFUB (10,E1,07,09,07)
TLKON (01)
SOLID (01)
VISI (00)
RET ()
DFANM (02,01)
MSPED (00,00,12)
IFSW (20,00,00,1B,00,04,0D)
MOVE (00,06,00,29,F4)
MOVE (00,29,FB,1E,F4)
IFSW (20,00,00,0A,00,03,13)
MOVE (00,E4,FF,CA,F4)
MOVE (00,0F,00,D5,FC)
TLKON (01)
SOLID (01)
VISI (00)
JMPB (00)</script>
        </entity>



        <entity name="av_c">
            <script>
CHAR (03)
XYZI (00,00,6D,01,EF,F3,EB,01,05,00)
DIR (00,B0)
IFSW (20,00,00,0A,00,04,07)
TLKON (01)
SOLID (01)
VISI (00)
IFSW (20,00,00,1B,00,04,12)
XYZI (00,00,1E,00,DD,FB,EB,01,01,00)
TLKON (00)
SOLID (00)
VISI (01)
IFUB (10,E1,07,09,07)
TLKON (01)
SOLID (01)
VISI (00)
RET ()
IFSW (20,00,00,1B,00,04,2E)
SOLID (01)
WAIT (32,00)
MSPED (00,00,17)
MOVE (00,40,00,00,F4)
MOVE (00,00,FF,10,F4)
DFANM (03,01)
FMOVE (00,40,FE,10,F4)
MSPED (00,00,08)
FMOVE (00,00,FE,10,F4)
CANM!2 (03,13,13,01)
IFSW (20,00,00,0A,00,03,17)
MSPED (00,00,11)
MOVE (00,ED,FF,7F,F4)
MOVE (00,0F,00,D5,FC)
TLKON (01)
SOLID (01)
VISI (00)
JMPB (00)</script>

            <script>
RET ()
</script>

            <script>
RET ()
</script>

            <script>
MSPED (00,00,20)
ASPED (00,20,00)
ANIM!2 (04,01)
DFANM (00,01)
MOVE (00,29,FB,00,F4)
RET ()</script>
        </entity>



        <entity name="av_w">
            <script>
CHAR (04)
XYZI (00,00,42,02,65,F4,EB,01,06,00)
IFSW (20,00,00,0A,00,04,12)
XYZI (00,00,83,FC,22,F4,EB,01,02,00)
DIR (00,B0)
DFANM (03,01)
IFUB (10,E1,07,09,07)
TLKON (01)
SOLID (01)
VISI (00)
RET ()
IFSW (20,00,00,0A,00,03,16)
MSPED (00,00,0F)
MOVE (00,83,FC,22,F4)
DIR (00,B0)
DFANM (03,01)
SETWORD (20,00,0A,00)
IFSW (20,00,00,1B,00,04,0E)
WAIT (8C,00)
MSPED (00,00,0A)
MOVE (00,F4,FA,2A,F4)
JMPB (00)</script>

            <script>
UC (01)
MENU2 (01)
WINDOW (01,0F,00,0A,00,CA,00,49,00)
MESSAGE (01,01)
WINDOW (01,14,00,0A,00,CB,00,49,00)
MESSAGE (01,02)
UC (00)
MENU2 (00)
RET ()</script>

            <script>
RET ()</script>

            <script>
RET ()</script>

            <script>
RET ()</script>

            <script>
RET ()</script>

            <script>
RET ()</script>
        </entity>



        <entity name="">
            <script>
RET ()
IFSW (20,00,00,1B,00,04,1D)
IFUB (10,E1,07,09,06)
WAIT (3C,00)
JMPF (04)
WAIT (B4,00)
AKAO (00,00,00,C2,7F,3C,00,00,00,00,00,00,00)
JMPB (00)
</script>
        </entity>



        <entity name="">
            <script>
RET ()
IFSW (20,00,00,1B,00,04,0D)
IFUB (10,E1,07,0A,07)
REQEW (01,C3)
REQ (00,C3)
JMPB (00)
</script>
        </entity>



        <entity name="moviec">
            <script>
RET ()
IFSW (20,00,00,1B,00,04,3A)
IFUB (50,14,01,00,34)
IFUB (10,E1,07,0A,2E)
MVIEF (06,10)
IFUB (50,12,00,00,10)
IFSW (60,10,00,0D,00,02,08)
SETBYTE (50,12,01)
REQ (04,C3)
IFUB (50,13,00,00,10)
IFSW (60,10,00,12,00,02,08)
SETBYTE (50,13,01)
REQ (01,C4)
JMPB (41)
</script>
        </entity>


        <entity name="l_door">
            <script>
BGCLR (00,01)
BGOFF (00,01,00)
RET ()
RET ()</script>

            <script>
BGON (00,01,00)
RET ()</script>
        </entity>
    </entitys>

    <gateways>
    </gateways>

    <encounters>
    </encounters>

    <walkmesh>
    </walkmesh>
</field>