<?xml version="1.0"?>
<field dialogs="1" entitys="1" gateways="1" encounters="1" walkmesh="1" mark_triangles="1" movement="1">
    <dialogs>
        <dialog>        Next
        Close</dialog>

        <dialog>        Previous
        Usual window
        Movie unlock
        Movie lock
        Encounter table 0
        Encounter table 1
        Go to NMKIN_2</dialog>

        <dialog>Akari is a good girl!
Do you believe this?</dialog>

        <dialog> </dialog>

        <dialog>Testing Map</dialog>

        <dialog>Akari
"Hello!
My name is Akari. Oh...
it's not my name really,
but I like when someone
call me that. =)"</dialog>

        <dialog>Akari
"I'm programmer here.
I'm responsible for
core of Q-Gears and
field module for FFVII.
Additionally I writing
Xenogears engine."</dialog>

        <dialog>Akari
"Yoroshiku onegai shimasu. ^_^"</dialog>

        <dialog>Welcome to Q-Gears v0.13
Main changes since last version:
  - RANGE COLLISION WORKS AT LAST!
  - Entity/background Z-sorting implemented.
  - Gateways now set direction for entity.
  - Added save/load (S/L) (not much saved yet).
  - Added item related opcodes.
  - Added party related opcodes.</dialog>

        <dialog>G
"Hello everyone!
I'm programmer here.
I'm responsible for movie
and sound decoding routines
related to MDEC."</dialog>
    </dialogs>






    <entitys>
        <entity name="test">
            <script>
BTLLK (01)
//SETWORD (20,00,1B,00)
//STTIM (00,00,00,0A,00)
//BITON (10,E1,06)
//BITON (10,E1,05)
//BITOFF (10,E1,03)
//BITOFF (10,E1,04)
MOVLK (00)
MPNAM (04)
MMB+- (01,00)
MMB+- (01,01)
MMB+- (01,02)
SPTYE (00,00,01,00,02)
//MMBLK (02)
//MMBUK (02)
MMB+- (01,02)
PRTYM (02)
//IFMEMBQ (02,0E)
WINDOW (01,00,00,00,00,40,01,8A,00)
MESSAGE (01,08)
RET ()
WINDOW (00,10,00,10,00,75,00,75,00)
WSPCL (00,02,01,05)
GETPC (06,02,00)
WNUMB (60,00,00,00,00,00,08)
WMODE (00,01,01)
MESSAGE (00,03)
IFKEYOFF (00,08,10)
WINDOW (01,A0,00,A0,00,70,01,8C,00)
MESSAGE (01,08)
RET ()</script>
        </entity>



        <entity name="cloud">
            <script>
CHAR (00)
PC (00)
XYZI (00,00,00,00,64,00,00,00,00,00)
RET ()
RET ()</script>
        </entity>



        <entity name="yufi">
            <script>
CHAR (03)
XYZI (00,00,00,00,64,FF,00,00,03,00)
DIR (00,60)
RET ()
RET ()</script>

            <script>
WINDOW (01,00,00,00,00,8A,00,2C,00)
ASK (04,01,00,00,01,00)
JMPF (33)
WMODE (01,02,00)
WINDOW (01,00,00,00,00,A1,00,7C,00)
ASK (04,01,01,00,06,00)
WMODE (01,00,00)
JMPF (21)
WMODE (01,02,00)
WINDOW (01,00,00,00,00,8A,00,2C,00)
MESSAGE (01,02)
WMODE (01,00,00)
JMPB (43)
IFUBL (40,00,00,00,16,00)
JMPB (39)
IFUBL (40,00,00,00,04,00)
JMPB (55)
IFUBL (40,00,01,00,04,00)
JMPB (30)
IFUBL (40,00,02,00,05,00)
MOVLK (00)
IFUBL (40,00,03,00,05,00)
MOVLK (01)
IFUBL (40,00,04,00,04,00)
BTLTB (00)
IFUBL (40,00,05,00,04,00)
BTLTB (01)
IFUBL (40,00,06,00,0C,00)
MAPJUMP (7A,00,56,FD,34,01,5C,00,40)
RET ()</script>
        </entity>



        <entity name="akari">
            <script>
CHAR (01)
XYZI (00,00,64,FF,00,00,00,00,01,00)
DIR (00,40)
RET ()
RET ()</script>

            <script>
WINDOW (01,00,00,00,00,9A,00,7C,00)
MESSAGE (01,05)
MESSAGE (01,06)
WINDOW (01,00,00,00,00,DA,00,2C,00)
MESSAGE (01,07)
RET ()</script>

            <script>
WINDOW (01,00,00,00,00,B0,00,6C,00)
MESSAGE (01,09)
RET ()</script>
        </entity>



        <entity name="g">
            <script>
CHAR (01)
XYZI (00,00,64,FF,64,00,00,00,01,00)
DIR (00,40)
RET ()
RET ()</script>

            <script>
REQSW (03,02)
MOVE (00,00,00,00,00)
WINDOW (01,00,00,00,00,B0,00,6C,00)
MESSAGE (01,09)
JUMP (00,00,00,00,64,00,00,00,00,00)
RET ()</script>
        </entity>
    </entitys>






    <gateways>
        <gateway
            point1="300 5 -300"
            point2="300 5 300"
            position="3655 310 27432"
            map_id="116"
            direction="180"
            mark_triangle="true"
        />
    </gateways>






    <encounters>
        <table enabled="1" rate="160">
            <standart>
                <encounter rate="10" scene="300" />
                <encounter rate="10" scene="301" />
                <encounter rate="10" scene="302" />
                <encounter rate="10" scene="303" />
                <encounter rate="10" scene="304" />
                <encounter rate="10" scene="305" />
            </standart>

            <special>
                <encounter rate="10" scene="306" />
                <encounter rate="10" scene="307" />
            </special>
        </table>



        <table enabled="0" rate="200">
            <standart>
                <encounter rate="10" scene="308" />
                <encounter rate="64" scene="309" />
            </standart>

            <special>
            </special>
        </table>
    </encounters>







    <walkmesh>
        <triangle a="-200 0 200" b="200 0 200" c="0 0 0" access1="-1" access2="2" access3="1" />
        <triangle a="-200 0 -200" b="-200 0 200" c="0 0 0" access1="-1" access2="0" access3="3" />
        <triangle a="200 0 200" b="200 0 -200" c="0 0 0" access1="4" access2="3" access3="0" />
        <triangle a="200 0 -200" b="-200 0 -200" c="0 0 0" access1="-1" access2="1" access3="2" />
        <triangle a="200 0 200" b="200 0 -200" c="500 0 0" access1="2" access2="-1" access3="-1" />
    </walkmesh>






    <mark_triangles>
        <triangle pos="0 0 0" color="red" />
    </mark_triangles>





    <movement rotation="32768" />
</field>