<?xml version="1.0"?>
<field dialogs="1" entitys="1" gateways="0" encounters="0" walkmesh="0">
    <dialogs>
    </dialogs>

    <entitys>

        <entity name="dir">
            <script>
PRTYE (00,FE,FE)
SCR2D (00,00,00,28,00)
UC (01)
MENU2 (01)
PMVIE (01)
MOVIE ()
SCR2DC (00,00,EC,FF,82,00,1C,00)
WAIT (46,00)
SCR2DC (00,00,0A,00,23,00,1F,00)
WAIT (20,00)
UC (00)
MENU2 (00)
RET ()
RET ()</script>
        </entity>



        <entity name="cloud">
            <script>
CHAR (00)
PC (00)
XYZI (00,00,47,0E,28,6B,36,01,19,00)
RET ()
RET ()</script>
        </entity>
    </entitys>

    <gateways>
    </gateways>

    <encounters>
    </encounters>

    <walkmesh>
    </walkmesh>
</field>