<?xml version="1.0"?>
<field dialogs="1" entitys="1" gateways="0" encounters="0" walkmesh="0">
    <dialogs>
    </dialogs>

    <entitys>
        <entity name="dir">
            <script>
RET ()
RET ()</script>
        </entity>



        <entity name="time">
            <script>
RET ()
RET ()</script>
        </entity>



        <entity name="timeo">
            <script>
RET ()
RET ()</script>
        </entity>



        <entity name="cl">
            <script>
CHAR (00)
PC (00)
RET ()
RET ()</script>

            <script>
RET ()</script>

            <script>
RET ()</script>

            <script>
RET ()</script>

            <script>
RET ()</script>

            <script>
DIR (00,40)
UC (01)
MENU2 (01)
//DFANM (04,01)
WAIT (0F,00)
//SOUND (00,3E,00,40)
JUMP (00,00,3C,00,7F,07,2A,00,11,00)
WAIT (14,00)
//DFANM (00,01)
UC (00)
MENU2 (00)
RET ()</script>

            <script>
DIR (00,C0)
UC (01)
MENU2 (01)
//DFANM (04,01)
WAIT (0F,00)
//SOUND (00,3E,00,40)
JUMP (00,00,55,FF,85,07,28,00,11,00)
WAIT (14,00)
//DFANM (00,01)
UC (00)
MENU2 (00)
RET ()</script>

            <script>
DIR (00,50)
UC (01)
MENU2 (01)
//CANM!1 (04,00,27,01)
WAIT (0F,00)
//SOUND (00,3E,00,40)
JUMP (00,00,F2,00,3A,07,25,00,11,00)
UC (00)
MENU2 (00)
LADER (00,00,59,FF,18,07,69,06,1C,00,00,05,40,01)
UC (01)
MENU2 (01)
AXYZI (66,66,03,07,09,0B,00)
//IFSW (60,0B,00,00,07,02,20)
IFSW (60,0B,00,00,07,02,16)
UC (01)
MENU2 (01)
DIR (00,80)
//CANM!1 (04,0F,45,01)
//SOUND (00,3E,00,40)
JUMP (00,00,C2,00,85,07,07,00,11,00)
WAIT (14,00)
//DFANM (00,01)
UC (00)
MENU2 (00)
RET ()</script>

            <script>
SETBYTE (50,12,01)
UC (01)
MENU2 (01)
SOUND (00,15,00,40)
SLIDR (00,01)
//MOVE (00,59,FF,18,07)
SLIDR (00,1E)
UC (00)
MENU2 (00)
LADER (00,00,F2,00,3A,07,75,08,25,00,01,05,40,01)
UC (01)
MENU2 (01)
AXYZI (66,66,03,07,09,0B,00)
//IFSW (60,0B,00,00,07,02,20)
IFSW (60,0B,00,00,07,02,16)
UC (01)
MENU2 (01)
DIR (00,80)
//CANM!1 (04,0F,45,01)
//SOUND (00,3E,00,40)
JUMP (00,00,C2,00,85,07,07,00,11,00)
WAIT (14,00)
//DFANM (00,01)
UC (00)
MENU2 (00)
RET ()</script>

            <script>
UC (01)
MENU2 (01)
//SOUND (00,15,00,40)
//CANM!1 (04,00,27,01)
WAIT (0F,00)
//SOUND (00,3E,00,40)
JUMP (00,00,3D,01,AF,05,0D,00,11,00)
UC (00)
MENU2 (00)
LADER (00,00,31,01,B7,05,5D,03,02,00,00,06,40,01)
AXYZI (66,66,03,07,09,0B,00)
//IFSW (60,0B,00,00,04,02,24)
IFSW (60,0B,00,00,04,02,1A)
UC (01)
MENU2 (01)
DIR (00,80)
//CANM!1 (04,0F,45,01)
//SOUND (00,3E,00,40)
JUMP (00,00,05,01,C5,05,2C,00,11,00)
WAIT (14,00)
UC (00)
MENU2 (00)
RET ()</script>

            <script>
UC (01)
MENU2 (01)
//SOUND (00,15,00,40)
SLIDR (00,01)
//MOVE (00,31,01,B7,05)
SLIDR (00,1E)
UC (00)
MENU2 (00)
LADER (00,00,3D,01,AF,05,14,05,0D,00,01,06,40,01)
AXYZI (66,66,03,07,09,0B,00)
//IFSW (60,0B,00,00,04,02,24)
IFSW (60,0B,00,00,04,02,1A)
UC (01)
MENU2 (01)
DIR (00,80)
//CANM!1 (04,0F,45,01)
//SOUND (00,3E,00,40)
JUMP (00,00,05,01,C5,05,2C,00,11,00)
WAIT (14,00)
UC (00)
MENU2 (00)
RET ()</script>
        </entity>



        <entity name="av_j">
            <script>
RET ()
RET ()</script>
        </entity>



        <entity name="po0">
            <script>
RET ()
RET ()</script>
        </entity>



        <entity name="jp0">
            <script>
LINE (74,FF,A9,07,A4,08,74,FF,59,07,A4,08)
RET ()
JMPB (00)</script>

            <script>
RET ()</script>

            <script>
//REQEW (03,C5)
REQ (03,C5)
RET ()</script>

            <script>
RET ()</script>

            <script>
RET ()</script>

            <script>
RET ()</script>

            <script>
RET ()</script>
        </entity>



        <entity name="jp1">
            <script>
LINE (25,00,95,07,A5,08,25,00,51,07,A5,08)
RET ()
JMPB (00)</script>

            <script>
RET ()</script>

            <script>
//REQEW (03,C6)
REQ (03,C6)
RET ()</script>

            <script>
RET ()</script>

            <script>
RET ()</script>

            <script>
RET ()</script>

            <script>
RET ()</script>
        </entity>



        <entity name="jp2">
            <script>
LINE (9D,00,97,07,A6,08,E4,00,50,07,A6,08)
RET ()
JMPB (00)</script>

            <script>
RET ()</script>

            <script>
RET ()</script>

            <script>
RET ()</script>

            <script>
IFKEYON (20,02,04)
REQ (03,A7)
RET ()
</script>

            <script>
RET ()</script>

            <script>
RET ()</script>
        </entity>



        <entity name="ladd0">
            <script>
LINE (4D,FF,27,07,69,06,4D,FF,D3,06,6A,06)
RET ()
JMPB (00)</script>

            <script>
RET ()</script>

            <script>
RET ()</script>

            <script>
RET ()</script>

            <script>
IFKEYON (20,02,04)
REQ (03,C8)
RET ()</script>

            <script>
RET ()</script>

            <script>
RET ()</script>
        </entity>



        <entity name="ladd1">
            <script>
LINE (34,01,CF,05,29,05,DC,00,CF,05,29,05)
RET ()
JMPB (00)</script>

            <script>
RET ()</script>

            <script>
RET ()</script>

            <script>
RET ()</script>

            <script>
IFKEYON (20,02,04)
REQ (03,C9)
RET ()
</script>

            <script>
RET ()</script>

            <script>
RET ()</script>
        </entity>



        <entity name="ladu1">
            <script>
LINE (22,01,E0,05,51,03,22,01,67,05,60,03)
RET ()
JMPB (00)</script>

            <script>
RET ()</script>

            <script>
RET ()</script>

            <script>
RET ()</script>

            <script>
IFKEYON (20,02,04)
REQ (03,CA)
RET ()
</script>

            <script>
RET ()</script>

            <script>
RET ()</script>
        </entity>



        <entity name="smoke1">
            <script>
BGCLR (00,01)
BGON (00,01,00)
RET ()
WAIT (04,00)
BGOFF (00,01,00)
BGON (00,01,01)
WAIT (05,00)
BGOFF (00,01,01)
BGON (00,01,02)
WAIT (05,00)
BGOFF (00,01,02)
BGON (00,01,03)
WAIT (05,00)
BGOFF (00,01,03)
BGON (00,01,04)
WAIT (05,00)
BGOFF (00,01,04)
BGON (00,01,05)
WAIT (05,00)
BGOFF (00,01,05)
BGON (00,01,00)
JMPB (42)</script>
        </entity>



        <entity name="smoke2">
            <script>
BGCLR (00,02)
BGON (00,02,00)
RET ()
WAIT (03,00)
BGOFF (00,02,00)
BGON (00,02,01)
WAIT (04,00)
BGOFF (00,02,01)
BGON (00,02,02)
WAIT (04,00)
BGOFF (00,02,02)
BGON (00,02,03)
WAIT (04,00)
BGOFF (00,02,03)
BGON (00,02,04)
WAIT (04,00)
BGOFF (00,02,04)
BGON (00,02,05)
WAIT (04,00)
BGOFF (00,02,05)
BGON (00,02,00)
JMPB (42)</script>
        </entity>
    </entitys>

    <gateways>
    </gateways>

    <encounters>
    </encounters>

    <walkmesh>
    </walkmesh>
</field>