<?xml version="1.0"?>
<field dialogs="1" entitys="1" gateways="0" encounters="0" walkmesh="0">
    <dialogs>
        <dialog>[Save Point]
Access the Menu and select
[Code:Cyan][SAVE][Code:White] to save your game.</dialog>
    </dialogs>

    <entitys>
        <entity name="dir">
            <script>
SETWORD (60,02,1B,00)
RET ()
RET ()</script>
        </entity>



        <entity name="time">
            <script>
RET ()
RET ()</script>
        </entity>



        <entity name="timeo">
            <script>
RET ()
RET ()</script>
        </entity>



        <entity name="cl">
            <script>
CHAR (00)
PC (00)
RET ()
//IFUB (10,E1,01,09,13)
//BITOFF (10,E1,01)
//UC (01)
//MENU2 (01)
//MOVE (00,97,FF,40,00)
//UC (00)
//MENU2 (00)
JMPB (00)</script>

            <script>
RET ()</script>

            <script>
RET ()</script>

            <script>
UC (01)
MENU2 (01)
DIR (00,80)
//DFANM (03,01)
WAIT (0F,00)
//SOUND (00,3E,00,40)
JUMP (00,00,27,FF,DF,07,15,00,11,00)
UC (00)
MENU2 (00)
LADER (00,00,17,FF,A4,07,47,FF,1B,00,00,04,80,01)
GETAI (06,03,00)
//IFSW (66,00,00,02,00,01,1A)
IFSW (66,00,00,02,00,01,10)
UC (01)
MENU2 (01)
//CANM!1 (03,0F,45,01)
//SOUND (00,3E,00,40)
JUMP (00,00,63,FE,5B,07,12,00,11,00)
//DFANM (00,01)
UC (00)
MENU2 (00)
RET ()</script>

            <script>
UC (01)
MENU2 (01)
SLIDR (00,01)
//SOUND (00,15,00,40)
//MOVE (00,17,FF,A4,07)
SLIDR (00,1E)
UC (00)
MENU2 (00)
LADER (00,00,27,FF,C8,07,80,02,15,00,01,04,80,01)
GETAI (06,03,00)
//IFSW (66,00,00,02,00,01,1A)
IFSW (66,00,00,02,00,01,10)
UC (01)
MENU2 (01)
//CANM!1 (03,0F,45,01)
//SOUND (00,3E,00,40)
JUMP (00,00,63,FE,5B,07,12,00,11,00)
//DFANM (00,01)
UC (00)
MENU2 (00)
RET ()</script>
        </entity>



        <entity name="save">
            <script>
CHAR (01)
XYZI (00,00,37,00,2F,06,47,FF,24,00)
SOLID (01)
RET ()
RET ()</script>
        </entity>



        <entity name="save">
            <script>
CHAR (01)
XYZI (00,00,37,00,2F,06,47,FF,24,00)
SOLID (01)
RET ()
RET ()</script>

            <script>
RET ()</script>
        </entity>



        <entity name="savel0">
            <script>
LINE (7F,00,49,06,47,FF,1B,00,2F,06,47,FF)
RET ()
RET ()</script>

            <script>
RET ()</script>

            <script>
RET ()</script>

            <script>
RET ()</script>

            <script>
RET ()</script>

            <script>
//SOUND (00,67,01,40)
IFUB (D0,5B,01,0A,16)
UC (01)
MENU2 (01)
WINDOW (00,3E,00,0A,00,B4,00,39,00)
MESSAGE (00,00)
UC (00)
MENU2 (00)
BITON (D0,5B,01)
AND2 (20,1E,FF,FC)
RET ()</script>

            <script>
BITOFF (D0,5B,01)
OR2 (20,1E,00,03)
RET ()</script>
        </entity>



        <entity name="ladu1">
            <script>
LINE (CC,FE,94,07,80,02,35,FE,03,08,80,02)
RET ()
JMPB (00)</script>

            <script>
RET ()</script>

            <script>
REQ (03,C3)
//REQEW (03,C3)</script>

            <script>
RET ()</script>

            <script>
RET ()</script>

            <script>
RET ()</script>

            <script>
RET ()</script>
        </entity>



        <entity name="ladd1">
            <script>
LINE (D9,FE,72,07,47,FF,3B,FF,C0,07,47,FF)
RET ()
JMPB (00)</script>

            <script>
RET ()</script>

            <script>
RET ()</script>

            <script>
RET ()</script>

            <script>
IFKEYON (20,02,04)
//SOUND (00,15,00,40)
//REQEW (03,C4)
REQ (03,C4)
</script>

            <script>
RET ()</script>

            <script>
RET ()</script>
        </entity>



        <entity name="smoke1">
            <script>
BGCLR (00,01)
BGON (00,01,00)
RET ()
WAIT (04,00)
BGOFF (00,01,00)
BGON (00,01,01)
WAIT (05,00)
BGOFF (00,01,01)
BGON (00,01,02)
WAIT (05,00)
BGOFF (00,01,02)
BGON (00,01,03)
WAIT (05,00)
BGOFF (00,01,03)
BGON (00,01,04)
WAIT (05,00)
BGOFF (00,01,04)
BGON (00,01,00)
JMPB (37)</script>
        </entity>
    </entitys>



    <gateways>
    </gateways>

    <encounters>
    </encounters>

    <walkmesh>
    </walkmesh>
</field>