<?xml version="1.0"?>
<field dialogs="1" entitys="1" gateways="0" encounters="0" walkmesh="0">
    <dialogs>
    </dialogs>

    <entitys>
        <entity name="cloud">
            <script>
CHAR (00)
PC (00)
RET ()
RET ()</script>
        </entity>

        <entity name="jp0">
            <script>
LINE (74,FF,A9,07,A4,08,74,FF,59,07,A4,08)
RET ()
JMPB (00)</script>

            <script>
RET ()</script>

            <script>
RET ()</script>

            <script>
RET ()</script>
        </entity>


        <entity name="smoke1">
            <script>
BGCLR (00,01)
BGON (00,01,00)
RET ()
WAIT (04,00)
BGOFF (00,01,00)
BGON (00,01,01)
WAIT (05,00)
BGOFF (00,01,01)
BGON (00,01,02)
WAIT (05,00)
BGOFF (00,01,02)
BGON (00,01,03)
WAIT (05,00)
BGOFF (00,01,03)
BGON (00,01,04)
WAIT (05,00)
BGOFF (00,01,04)
BGON (00,01,05)
WAIT (05,00)
BGOFF (00,01,05)
BGON (00,01,00)
JMPB (42)</script>
        </entity>



        <entity name="smoke2">
            <script>
BGCLR (00,02)
BGON (00,02,00)
RET ()
WAIT (03,00)
BGOFF (00,02,00)
BGON (00,02,01)
WAIT (04,00)
BGOFF (00,02,01)
BGON (00,02,02)
WAIT (04,00)
BGOFF (00,02,02)
BGON (00,02,03)
WAIT (04,00)
BGOFF (00,02,03)
BGON (00,02,04)
WAIT (04,00)
BGOFF (00,02,04)
BGON (00,02,05)
WAIT (04,00)
BGOFF (00,02,05)
BGON (00,02,00)
JMPB (42)</script>
        </entity>
    </entitys>

    <gateways>
    </gateways>

    <encounters>
    </encounters>

    <walkmesh>
    </walkmesh>
</field>