<?xml version="1.0"?>
<movies>
    <movie id="1" file_name="BISKDEAD.STR" />
	<movie id="2" file_name="BOOGDEMO.STR" />
	<movie id="3" file_name="BOOGDOWN.STR" />
	<movie id="4" file_name="BOOGSTAR.STR" />
	<movie id="5" file_name="BOOGUP.STR" />
	<movie id="6" file_name="CAR_1209.STR" />
	<movie id="7" file_name="FUNERAL.STR" />
	<movie id="8" file_name="GOLD5.STR" />
	<movie id="9" file_name="JUNAIRD.STR" />
	<movie id="10" file_name="JUNAIRU.STR" />
	<movie id="11" file_name="JUNELEGO.STR" />
	<movie id="12" file_name="JUNELEIN.STR" />
	<movie id="13" file_name="JUNIN_GO.STR" />
	<movie id="14" file_name="JUNIN_IN.STR" />
	<movie id="15" file_name="JUNON.STR" />
	<movie id="16" file_name="MK8.STR" />
	<movie id="17" file_name="MKUP.STR" />
	<movie id="18" file_name="MONITOR.STR" />
	<movie id="19" file_name="MTCRL.STR" />
	<movie id="20" file_name="MTNVL2.STR" />
	<movie id="21" file_name="MTNVL.STR" />
	<movie id="22" file_name="SETO.STR" />
	<movie id="23" file_name="SMK.STR" />

	<movie id="24" file_name="BIKEGET.MOV" />
	<movie id="25" file_name="BRGNVL.MOV" />
	<movie id="26" file_name="D_ROPEGO.MOV" />
	<movie id="27" file_name="D_ROPEIN.MOV" />
	<movie id="28" file_name="EARITHDD.MOV" />
	<movie id="29" file_name="FALLPL.MOV" />
	<movie id="30" file_name="GOLD1.MOV" />
	<movie id="31" file_name="GOLD2.MOV" />
	<movie id="32" file_name="GOLD3.MOV" />
	<movie id="33" file_name="GOLD4.MOV" />
	<movie id="34" file_name="GOLD6.MOV" />
	<movie id="35" file_name="GOLD7_2.MOV" />
	<movie id="36" file_name="GOLD7.MOV" />
	<movie id="37" file_name="HIWIND0.MOV" />
	<movie id="38" file_name="JAIROFAL.MOV" />
	<movie id="39" file_name="JAIROFLY.MOV" />
	<movie id="40" file_name="JENOVA_E.MOV" />
	<movie id="41" file_name="MAINPLR.MOV" />
	<movie id="42" file_name="NIVLSFS.MOV" />
	<movie id="43" file_name="NORTHMK.MOV" />
	<movie id="44" file_name="NVLMK.MOV" />
	<movie id="45" file_name="ONTRAIN.MOV" />
	<movie id="46" file_name="OPENINGE.MOV" />
	<movie id="47" file_name="PLREXP.MOV" />
	<movie id="48" file_name="RCKTFAIL.MOV" />
	<movie id="49" file_name="SOUTHMK.MOV" />
	<movie id="50" file_name="U_ROPEGO.MOV" />
	<movie id="51" file_name="U_ROPEIN.MOV" />

</movies>
