<?xml version="1.0" encoding="ISO-8859-1"?>
<background>
    <bottom>
        <bottom_tile x="-48" y="-96" width="16" height="16" src_x="0" src_y="0"/>
        <bottom_tile x="-32" y="-96" width="16" height="16" src_x="16" src_y="0"/>
        <bottom_tile x="-16" y="-96" width="16" height="16" src_x="0" src_y="16"/>
        <bottom_tile x="0" y="-96" width="16" height="16" src_x="16" src_y="16"/>
        <bottom_tile x="16" y="-96" width="16" height="16" src_x="32" src_y="0"/>
        <bottom_tile x="32" y="-96" width="16" height="16" src_x="48" src_y="0"/>
        <bottom_tile x="48" y="-96" width="16" height="16" src_x="32" src_y="16"/>
        <bottom_tile x="-48" y="-80" width="16" height="16" src_x="48" src_y="16"/>
        <bottom_tile x="-32" y="-80" width="16" height="16" src_x="64" src_y="0"/>
        <bottom_tile x="-16" y="-80" width="16" height="16" src_x="80" src_y="0"/>
        <bottom_tile x="0" y="-80" width="16" height="16" src_x="64" src_y="16"/>
        <bottom_tile x="16" y="-80" width="16" height="16" src_x="80" src_y="16"/>
        <bottom_tile x="32" y="-80" width="16" height="16" src_x="96" src_y="0"/>
        <bottom_tile x="48" y="-80" width="16" height="16" src_x="112" src_y="0"/>
        <bottom_tile x="-48" y="-64" width="16" height="16" src_x="96" src_y="16"/>
        <bottom_tile x="-32" y="-64" width="16" height="16" src_x="112" src_y="16"/>
        <bottom_tile x="-16" y="-64" width="16" height="16" src_x="128" src_y="0"/>
        <bottom_tile x="0" y="-64" width="16" height="16" src_x="144" src_y="0"/>
        <bottom_tile x="16" y="-64" width="16" height="16" src_x="128" src_y="16"/>
        <bottom_tile x="32" y="-64" width="16" height="16" src_x="144" src_y="16"/>
        <bottom_tile x="48" y="-64" width="16" height="16" src_x="160" src_y="0"/>
        <bottom_tile x="80" y="-48" width="16" height="16" src_x="176" src_y="0"/>
        <bottom_tile x="96" y="-48" width="16" height="16" src_x="160" src_y="16"/>
        <bottom_tile x="112" y="-48" width="16" height="16" src_x="176" src_y="16"/>
        <bottom_tile x="80" y="-32" width="16" height="16" src_x="192" src_y="0"/>
        <bottom_tile x="96" y="-32" width="16" height="16" src_x="208" src_y="0"/>
        <bottom_tile x="112" y="-32" width="16" height="16" src_x="192" src_y="16"/>
        <bottom_tile x="-48" y="-16" width="16" height="16" src_x="208" src_y="16"/>
        <bottom_tile x="80" y="-16" width="16" height="16" src_x="224" src_y="0"/>
        <bottom_tile x="96" y="-16" width="16" height="16" src_x="240" src_y="0"/>
        <bottom_tile x="112" y="-16" width="16" height="16" src_x="224" src_y="16"/>
        <bottom_tile x="-48" y="0" width="16" height="16" src_x="240" src_y="16"/>
        <bottom_tile x="-32" y="0" width="16" height="16" src_x="256" src_y="0"/>
        <bottom_tile x="80" y="0" width="16" height="16" src_x="272" src_y="0"/>
        <bottom_tile x="96" y="0" width="16" height="16" src_x="256" src_y="16"/>
        <bottom_tile x="112" y="0" width="16" height="16" src_x="272" src_y="16"/>
        <bottom_tile x="-48" y="16" width="16" height="16" src_x="288" src_y="0"/>
        <bottom_tile x="-32" y="16" width="16" height="16" src_x="304" src_y="0"/>
        <bottom_tile x="80" y="16" width="16" height="16" src_x="288" src_y="16"/>
        <bottom_tile x="96" y="16" width="16" height="16" src_x="304" src_y="16"/>
        <bottom_tile x="112" y="16" width="16" height="16" src_x="320" src_y="0"/>
        <bottom_tile x="80" y="32" width="16" height="16" src_x="336" src_y="0"/>
        <bottom_tile x="96" y="32" width="16" height="16" src_x="320" src_y="16"/>
        <bottom_tile x="112" y="32" width="16" height="16" src_x="336" src_y="16"/>
        <bottom_tile x="80" y="48" width="16" height="16" src_x="352" src_y="0"/>
        <bottom_tile x="96" y="48" width="16" height="16" src_x="368" src_y="0"/>
        <bottom_tile x="112" y="48" width="16" height="16" src_x="352" src_y="16"/>
        <bottom_tile x="-32" y="64" width="16" height="16" src_x="368" src_y="16"/>
        <bottom_tile x="-16" y="64" width="16" height="16" src_x="384" src_y="0"/>
        <bottom_tile x="80" y="64" width="16" height="16" src_x="400" src_y="0"/>
        <bottom_tile x="96" y="64" width="16" height="16" src_x="384" src_y="16"/>
        <bottom_tile x="112" y="64" width="16" height="16" src_x="400" src_y="16"/>
        <bottom_tile x="-32" y="80" width="16" height="16" src_x="416" src_y="0"/>
        <bottom_tile x="-16" y="80" width="16" height="16" src_x="432" src_y="0"/>
        <bottom_tile x="0" y="80" width="16" height="16" src_x="416" src_y="16"/>
        <bottom_tile x="80" y="80" width="16" height="16" src_x="432" src_y="16"/>
        <bottom_tile x="96" y="80" width="16" height="16" src_x="448" src_y="0"/>
        <bottom_tile x="112" y="80" width="16" height="16" src_x="464" src_y="0"/>
        <bottom_tile x="-32" y="96" width="16" height="16" src_x="448" src_y="16"/>
        <bottom_tile x="-16" y="96" width="16" height="16" src_x="464" src_y="16"/>
        <bottom_tile x="0" y="96" width="16" height="16" src_x="480" src_y="0"/>
        <bottom_tile x="80" y="96" width="16" height="16" src_x="496" src_y="0"/>
        <bottom_tile x="96" y="96" width="16" height="16" src_x="480" src_y="16"/>
        <bottom_tile x="112" y="96" width="16" height="16" src_x="496" src_y="16"/>
        <bottom_tile x="-128" y="-112" width="16" height="16" src_x="0" src_y="32"/>
        <bottom_tile x="-112" y="-112" width="16" height="16" src_x="16" src_y="32"/>
        <bottom_tile x="-96" y="-112" width="16" height="16" src_x="0" src_y="48"/>
        <bottom_tile x="-80" y="-112" width="16" height="16" src_x="16" src_y="48"/>
        <bottom_tile x="-64" y="-112" width="16" height="16" src_x="32" src_y="32"/>
        <bottom_tile x="48" y="-112" width="16" height="16" src_x="48" src_y="32"/>
        <bottom_tile x="64" y="-112" width="16" height="16" src_x="32" src_y="48"/>
        <bottom_tile x="80" y="-112" width="16" height="16" src_x="48" src_y="48"/>
        <bottom_tile x="96" y="-112" width="16" height="16" src_x="64" src_y="32"/>
        <bottom_tile x="-128" y="-96" width="16" height="16" src_x="80" src_y="32"/>
        <bottom_tile x="-112" y="-96" width="16" height="16" src_x="64" src_y="48"/>
        <bottom_tile x="-96" y="-96" width="16" height="16" src_x="80" src_y="48"/>
        <bottom_tile x="-80" y="-96" width="16" height="16" src_x="96" src_y="32"/>
        <bottom_tile x="-64" y="-96" width="16" height="16" src_x="112" src_y="32"/>
        <bottom_tile x="80" y="-96" width="16" height="16" src_x="96" src_y="48"/>
        <bottom_tile x="96" y="-96" width="16" height="16" src_x="112" src_y="48"/>
        <bottom_tile x="-128" y="-80" width="16" height="16" src_x="128" src_y="32"/>
        <bottom_tile x="-80" y="-80" width="16" height="16" src_x="144" src_y="32"/>
        <bottom_tile x="-64" y="-80" width="16" height="16" src_x="128" src_y="48"/>
        <bottom_tile x="80" y="-80" width="16" height="16" src_x="144" src_y="48"/>
        <bottom_tile x="96" y="-80" width="16" height="16" src_x="160" src_y="32"/>
        <bottom_tile x="-128" y="-64" width="16" height="16" src_x="176" src_y="32"/>
        <bottom_tile x="112" y="-64" width="16" height="16" src_x="160" src_y="48"/>
        <bottom_tile x="-96" y="-16" width="16" height="16" src_x="176" src_y="48"/>
        <bottom_tile x="-80" y="-16" width="16" height="16" src_x="192" src_y="32"/>
        <bottom_tile x="-64" y="-16" width="16" height="16" src_x="208" src_y="32"/>
        <bottom_tile x="-96" y="0" width="16" height="16" src_x="192" src_y="48"/>
        <bottom_tile x="-80" y="0" width="16" height="16" src_x="208" src_y="48"/>
        <bottom_tile x="-64" y="0" width="16" height="16" src_x="224" src_y="32"/>
        <bottom_tile x="-96" y="16" width="16" height="16" src_x="240" src_y="32"/>
        <bottom_tile x="-80" y="16" width="16" height="16" src_x="224" src_y="48"/>
        <bottom_tile x="-64" y="16" width="16" height="16" src_x="240" src_y="48"/>
        <bottom_tile x="-96" y="32" width="16" height="16" src_x="256" src_y="32"/>
        <bottom_tile x="-80" y="32" width="16" height="16" src_x="272" src_y="32"/>
        <bottom_tile x="-64" y="32" width="16" height="16" src_x="256" src_y="48"/>
        <bottom_tile x="48" y="32" width="16" height="16" src_x="272" src_y="48"/>
        <bottom_tile x="64" y="32" width="16" height="16" src_x="288" src_y="32"/>
        <bottom_tile x="-96" y="48" width="16" height="16" src_x="304" src_y="32"/>
        <bottom_tile x="-80" y="48" width="16" height="16" src_x="288" src_y="48"/>
        <bottom_tile x="-64" y="48" width="16" height="16" src_x="304" src_y="48"/>
        <bottom_tile x="48" y="48" width="16" height="16" src_x="320" src_y="32"/>
        <bottom_tile x="64" y="48" width="16" height="16" src_x="336" src_y="32"/>
        <bottom_tile x="-96" y="64" width="16" height="16" src_x="320" src_y="48"/>
        <bottom_tile x="-80" y="64" width="16" height="16" src_x="336" src_y="48"/>
        <bottom_tile x="-64" y="64" width="16" height="16" src_x="352" src_y="32"/>
        <bottom_tile x="-48" y="64" width="16" height="16" src_x="368" src_y="32"/>
        <bottom_tile x="48" y="64" width="16" height="16" src_x="352" src_y="48"/>
        <bottom_tile x="64" y="64" width="16" height="16" src_x="368" src_y="48"/>
        <bottom_tile x="-96" y="80" width="16" height="16" src_x="384" src_y="32"/>
        <bottom_tile x="-80" y="80" width="16" height="16" src_x="400" src_y="32"/>
        <bottom_tile x="-64" y="80" width="16" height="16" src_x="384" src_y="48"/>
        <bottom_tile x="-48" y="80" width="16" height="16" src_x="400" src_y="48"/>
        <bottom_tile x="16" y="80" width="16" height="16" src_x="416" src_y="32"/>
        <bottom_tile x="32" y="80" width="16" height="16" src_x="432" src_y="32"/>
        <bottom_tile x="48" y="80" width="16" height="16" src_x="416" src_y="48"/>
        <bottom_tile x="64" y="80" width="16" height="16" src_x="432" src_y="48"/>
        <bottom_tile x="-96" y="96" width="16" height="16" src_x="448" src_y="32"/>
        <bottom_tile x="-80" y="96" width="16" height="16" src_x="464" src_y="32"/>
        <bottom_tile x="-64" y="96" width="16" height="16" src_x="448" src_y="48"/>
        <bottom_tile x="-48" y="96" width="16" height="16" src_x="464" src_y="48"/>
        <bottom_tile x="16" y="96" width="16" height="16" src_x="480" src_y="32"/>
        <bottom_tile x="32" y="96" width="16" height="16" src_x="496" src_y="32"/>
        <bottom_tile x="48" y="96" width="16" height="16" src_x="480" src_y="48"/>
        <bottom_tile x="64" y="96" width="16" height="16" src_x="496" src_y="48"/>
        <bottom_tile x="-96" y="-64" width="16" height="16" src_x="0" src_y="64"/>
        <bottom_tile x="-80" y="-64" width="16" height="16" src_x="16" src_y="64"/>
        <bottom_tile x="-64" y="-64" width="16" height="16" src_x="0" src_y="80"/>
        <bottom_tile x="64" y="-64" width="16" height="16" src_x="16" src_y="80"/>
        <bottom_tile x="80" y="-64" width="16" height="16" src_x="32" src_y="64"/>
        <bottom_tile x="96" y="-64" width="16" height="16" src_x="48" src_y="64"/>
        <bottom_tile x="-128" y="-48" width="16" height="16" src_x="32" src_y="80"/>
        <bottom_tile x="-112" y="-48" width="16" height="16" src_x="48" src_y="80"/>
        <bottom_tile x="-96" y="-48" width="16" height="16" src_x="64" src_y="64"/>
        <bottom_tile x="-80" y="-48" width="16" height="16" src_x="80" src_y="64"/>
        <bottom_tile x="-64" y="-48" width="16" height="16" src_x="64" src_y="80"/>
        <bottom_tile x="-48" y="-48" width="16" height="16" src_x="80" src_y="80"/>
        <bottom_tile x="-32" y="-48" width="16" height="16" src_x="96" src_y="64"/>
        <bottom_tile x="-16" y="-48" width="16" height="16" src_x="112" src_y="64"/>
        <bottom_tile x="0" y="-48" width="16" height="16" src_x="96" src_y="80"/>
        <bottom_tile x="16" y="-48" width="16" height="16" src_x="112" src_y="80"/>
        <bottom_tile x="32" y="-48" width="16" height="16" src_x="128" src_y="64"/>
        <bottom_tile x="48" y="-48" width="16" height="16" src_x="144" src_y="64"/>
        <bottom_tile x="64" y="-48" width="16" height="16" src_x="128" src_y="80"/>
        <bottom_tile x="-128" y="-32" width="16" height="16" src_x="144" src_y="80"/>
        <bottom_tile x="-112" y="-32" width="16" height="16" src_x="160" src_y="64"/>
        <bottom_tile x="-96" y="-32" width="16" height="16" src_x="176" src_y="64"/>
        <bottom_tile x="-80" y="-32" width="16" height="16" src_x="160" src_y="80"/>
        <bottom_tile x="-64" y="-32" width="16" height="16" src_x="176" src_y="80"/>
        <bottom_tile x="-48" y="-32" width="16" height="16" src_x="192" src_y="64"/>
        <bottom_tile x="-32" y="-32" width="16" height="16" src_x="208" src_y="64"/>
        <bottom_tile x="-16" y="-32" width="16" height="16" src_x="192" src_y="80"/>
        <bottom_tile x="0" y="-32" width="16" height="16" src_x="208" src_y="80"/>
        <bottom_tile x="16" y="-32" width="16" height="16" src_x="224" src_y="64"/>
        <bottom_tile x="32" y="-32" width="16" height="16" src_x="240" src_y="64"/>
        <bottom_tile x="48" y="-32" width="16" height="16" src_x="224" src_y="80"/>
        <bottom_tile x="64" y="-32" width="16" height="16" src_x="240" src_y="80"/>
        <bottom_tile x="-128" y="-16" width="16" height="16" src_x="256" src_y="64"/>
        <bottom_tile x="-112" y="-16" width="16" height="16" src_x="272" src_y="64"/>
        <bottom_tile x="-32" y="-16" width="16" height="16" src_x="256" src_y="80"/>
        <bottom_tile x="-16" y="-16" width="16" height="16" src_x="272" src_y="80"/>
        <bottom_tile x="0" y="-16" width="16" height="16" src_x="288" src_y="64"/>
        <bottom_tile x="16" y="-16" width="16" height="16" src_x="304" src_y="64"/>
        <bottom_tile x="32" y="-16" width="16" height="16" src_x="288" src_y="80"/>
        <bottom_tile x="48" y="-16" width="16" height="16" src_x="304" src_y="80"/>
        <bottom_tile x="64" y="-16" width="16" height="16" src_x="320" src_y="64"/>
        <bottom_tile x="-128" y="0" width="16" height="16" src_x="336" src_y="64"/>
        <bottom_tile x="-112" y="0" width="16" height="16" src_x="320" src_y="80"/>
        <bottom_tile x="-16" y="0" width="16" height="16" src_x="336" src_y="80"/>
        <bottom_tile x="0" y="0" width="16" height="16" src_x="352" src_y="64"/>
        <bottom_tile x="16" y="0" width="16" height="16" src_x="368" src_y="64"/>
        <bottom_tile x="32" y="0" width="16" height="16" src_x="352" src_y="80"/>
        <bottom_tile x="48" y="0" width="16" height="16" src_x="368" src_y="80"/>
        <bottom_tile x="64" y="0" width="16" height="16" src_x="384" src_y="64"/>
        <bottom_tile x="-128" y="16" width="16" height="16" src_x="400" src_y="64"/>
        <bottom_tile x="-112" y="16" width="16" height="16" src_x="384" src_y="80"/>
        <bottom_tile x="-16" y="16" width="16" height="16" src_x="400" src_y="80"/>
        <bottom_tile x="0" y="16" width="16" height="16" src_x="416" src_y="64"/>
        <bottom_tile x="16" y="16" width="16" height="16" src_x="432" src_y="64"/>
        <bottom_tile x="-128" y="32" width="16" height="16" src_x="416" src_y="80"/>
        <bottom_tile x="-112" y="32" width="16" height="16" src_x="432" src_y="80"/>
        <bottom_tile x="-128" y="48" width="16" height="16" src_x="448" src_y="64"/>
        <bottom_tile x="-112" y="48" width="16" height="16" src_x="464" src_y="64"/>
        <bottom_tile x="-128" y="64" width="16" height="16" src_x="448" src_y="80"/>
        <bottom_tile x="-112" y="64" width="16" height="16" src_x="464" src_y="80"/>
        <bottom_tile x="-128" y="80" width="16" height="16" src_x="480" src_y="64"/>
        <bottom_tile x="-112" y="80" width="16" height="16" src_x="496" src_y="64"/>
        <bottom_tile x="-128" y="96" width="16" height="16" src_x="480" src_y="80"/>
        <bottom_tile x="-112" y="96" width="16" height="16" src_x="496" src_y="80"/>
        <bottom_tile x="64" y="-96" width="16" height="16" src_x="0" src_y="96"/>
        <bottom_tile x="-112" y="-80" width="16" height="16" src_x="16" src_y="96"/>
        <bottom_tile x="-96" y="-80" width="16" height="16" src_x="0" src_y="112"/>
        <bottom_tile x="64" y="-80" width="16" height="16" src_x="16" src_y="112"/>
        <bottom_tile x="-112" y="-64" width="16" height="16" src_x="32" src_y="96"/>
        <bottom_tile x="32" y="16" width="16" height="16" src_x="48" src_y="96"/>
        <bottom_tile x="48" y="16" width="16" height="16" src_x="32" src_y="112"/>
        <bottom_tile x="64" y="16" width="16" height="16" src_x="48" src_y="112"/>
        <bottom_tile x="-48" y="32" width="16" height="16" src_x="64" src_y="96"/>
        <bottom_tile x="-32" y="32" width="16" height="16" src_x="80" src_y="96"/>
        <bottom_tile x="-16" y="32" width="16" height="16" src_x="64" src_y="112"/>
        <bottom_tile x="0" y="32" width="16" height="16" src_x="80" src_y="112"/>
        <bottom_tile x="16" y="32" width="16" height="16" src_x="96" src_y="96"/>
        <bottom_tile x="32" y="32" width="16" height="16" src_x="112" src_y="96"/>
        <bottom_tile x="-48" y="48" width="16" height="16" src_x="96" src_y="112"/>
        <bottom_tile x="-32" y="48" width="16" height="16" src_x="112" src_y="112"/>
        <bottom_tile x="-16" y="48" width="16" height="16" src_x="128" src_y="96"/>
        <bottom_tile x="0" y="48" width="16" height="16" src_x="144" src_y="96"/>
        <bottom_tile x="16" y="48" width="16" height="16" src_x="128" src_y="112"/>
        <bottom_tile x="32" y="48" width="16" height="16" src_x="144" src_y="112"/>
        <bottom_tile x="0" y="64" width="16" height="16" src_x="160" src_y="96"/>
        <bottom_tile x="16" y="64" width="16" height="16" src_x="176" src_y="96"/>
        <bottom_tile x="32" y="64" width="16" height="16" src_x="160" src_y="112"/>
    </bottom>



    <fixed>
        <fixed_tile x="0" y="-16" width="16" height="16" src_x="176" src_y="112" depth="4082" group="2" index="2"/>
        <fixed_tile x="0" y="-16" width="16" height="16" src_x="192" src_y="96" depth="4082" group="1" index="64"/>
        <fixed_tile x="0" y="-16" width="16" height="16" src_x="208" src_y="96" depth="4082" group="1" index="16"/>
        <fixed_tile x="0" y="-16" width="16" height="16" src_x="192" src_y="112" depth="4082" group="1" index="4"/>
        <fixed_tile x="32" y="-16" width="16" height="16" src_x="208" src_y="112" depth="4081" group="1" index="4"/>
        <fixed_tile x="48" y="-16" width="16" height="16" src_x="224" src_y="96" depth="4081" group="1" index="4"/>
        <fixed_tile x="-256" y="0" width="16" height="16" src_x="240" src_y="96" depth="1" group="0" index="0"/>
        <fixed_tile x="-240" y="0" width="16" height="16" src_x="224" src_y="112" depth="1" group="0" index="0"/>
        <fixed_tile x="-224" y="0" width="16" height="16" src_x="240" src_y="112" depth="1" group="0" index="0"/>
        <fixed_tile x="-208" y="0" width="16" height="16" src_x="256" src_y="96" depth="1" group="0" index="0"/>
        <fixed_tile x="-192" y="0" width="16" height="16" src_x="272" src_y="96" depth="1" group="0" index="0"/>
        <fixed_tile x="-176" y="0" width="16" height="16" src_x="256" src_y="112" depth="1" group="0" index="0"/>
        <fixed_tile x="-160" y="0" width="16" height="16" src_x="272" src_y="112" depth="1" group="0" index="0"/>
        <fixed_tile x="-144" y="0" width="16" height="16" src_x="288" src_y="96" depth="1" group="0" index="0"/>
        <fixed_tile x="-128" y="0" width="16" height="16" src_x="304" src_y="96" depth="1" group="0" index="0"/>
        <fixed_tile x="-112" y="0" width="16" height="16" src_x="288" src_y="112" depth="1" group="0" index="0"/>
        <fixed_tile x="-16" y="0" width="16" height="16" src_x="304" src_y="112" depth="4082" group="2" index="16"/>
        <fixed_tile x="-16" y="0" width="16" height="16" src_x="320" src_y="96" depth="4082" group="2" index="4"/>
        <fixed_tile x="-16" y="0" width="16" height="16" src_x="336" src_y="96" depth="4082" group="2" index="2"/>
        <fixed_tile x="-16" y="0" width="16" height="16" src_x="320" src_y="112" depth="4082" group="2" index="1"/>
        <fixed_tile x="-16" y="0" width="16" height="16" src_x="336" src_y="112" depth="4082" group="1" index="128"/>
        <fixed_tile x="-16" y="0" width="16" height="16" src_x="352" src_y="96" depth="4082" group="1" index="64"/>
        <fixed_tile x="-16" y="0" width="16" height="16" src_x="368" src_y="96" depth="4082" group="1" index="32"/>
        <fixed_tile x="-16" y="0" width="16" height="16" src_x="352" src_y="112" depth="4082" group="1" index="16"/>
        <fixed_tile x="-16" y="0" width="16" height="16" src_x="368" src_y="112" depth="4082" group="1" index="8"/>
        <fixed_tile x="-16" y="0" width="16" height="16" src_x="384" src_y="96" depth="4082" group="1" index="4"/>
        <fixed_tile x="-16" y="0" width="16" height="16" src_x="400" src_y="96" depth="4082" group="1" index="2"/>
        <fixed_tile x="0" y="0" width="16" height="16" src_x="384" src_y="112" depth="4082" group="2" index="16"/>
        <fixed_tile x="0" y="0" width="16" height="16" src_x="400" src_y="112" depth="4082" group="2" index="8"/>
        <fixed_tile x="0" y="0" width="16" height="16" src_x="416" src_y="96" depth="4082" group="2" index="4"/>
        <fixed_tile x="0" y="0" width="16" height="16" src_x="432" src_y="96" depth="4082" group="2" index="2"/>
        <fixed_tile x="0" y="0" width="16" height="16" src_x="416" src_y="112" depth="4082" group="2" index="1"/>
        <fixed_tile x="0" y="0" width="16" height="16" src_x="432" src_y="112" depth="4082" group="1" index="128"/>
        <fixed_tile x="0" y="0" width="16" height="16" src_x="448" src_y="96" depth="4082" group="1" index="64"/>
        <fixed_tile x="0" y="0" width="16" height="16" src_x="464" src_y="96" depth="4082" group="1" index="32"/>
        <fixed_tile x="0" y="0" width="16" height="16" src_x="448" src_y="112" depth="4082" group="1" index="16"/>
        <fixed_tile x="0" y="0" width="16" height="16" src_x="464" src_y="112" depth="4082" group="1" index="8"/>
        <fixed_tile x="0" y="0" width="16" height="16" src_x="480" src_y="96" depth="4082" group="1" index="4"/>
        <fixed_tile x="0" y="0" width="16" height="16" src_x="496" src_y="96" depth="4082" group="1" index="2"/>
        <fixed_tile x="0" y="0" width="16" height="16" src_x="480" src_y="112" depth="4082" group="1" index="1"/>
        <fixed_tile x="16" y="0" width="16" height="16" src_x="496" src_y="112" depth="4082" group="1" index="4"/>
        <fixed_tile x="32" y="0" width="16" height="16" src_x="0" src_y="128" depth="4081" group="2" index="16"/>
        <fixed_tile x="32" y="0" width="16" height="16" src_x="16" src_y="128" depth="4081" group="2" index="8"/>
        <fixed_tile x="32" y="0" width="16" height="16" src_x="0" src_y="144" depth="4081" group="2" index="4"/>
        <fixed_tile x="32" y="0" width="16" height="16" src_x="16" src_y="144" depth="4081" group="2" index="2"/>
        <fixed_tile x="32" y="0" width="16" height="16" src_x="32" src_y="128" depth="4081" group="2" index="1"/>
        <fixed_tile x="32" y="0" width="16" height="16" src_x="48" src_y="128" depth="4081" group="1" index="128"/>
        <fixed_tile x="32" y="0" width="16" height="16" src_x="32" src_y="144" depth="4081" group="1" index="64"/>
        <fixed_tile x="32" y="0" width="16" height="16" src_x="48" src_y="144" depth="4081" group="1" index="32"/>
        <fixed_tile x="32" y="0" width="16" height="16" src_x="64" src_y="128" depth="4081" group="1" index="16"/>
        <fixed_tile x="32" y="0" width="16" height="16" src_x="80" src_y="128" depth="4081" group="1" index="8"/>
        <fixed_tile x="32" y="0" width="16" height="16" src_x="64" src_y="144" depth="4081" group="1" index="4"/>
        <fixed_tile x="32" y="0" width="16" height="16" src_x="80" src_y="144" depth="4081" group="1" index="2"/>
        <fixed_tile x="32" y="0" width="16" height="16" src_x="96" src_y="128" depth="4081" group="1" index="1"/>
        <fixed_tile x="48" y="0" width="16" height="16" src_x="112" src_y="128" depth="4081" group="2" index="16"/>
        <fixed_tile x="48" y="0" width="16" height="16" src_x="96" src_y="144" depth="4081" group="2" index="8"/>
        <fixed_tile x="48" y="0" width="16" height="16" src_x="112" src_y="144" depth="4081" group="2" index="4"/>
        <fixed_tile x="48" y="0" width="16" height="16" src_x="128" src_y="128" depth="4081" group="2" index="2"/>
        <fixed_tile x="48" y="0" width="16" height="16" src_x="144" src_y="128" depth="4081" group="2" index="1"/>
        <fixed_tile x="48" y="0" width="16" height="16" src_x="128" src_y="144" depth="4081" group="1" index="128"/>
        <fixed_tile x="48" y="0" width="16" height="16" src_x="144" src_y="144" depth="4081" group="1" index="64"/>
        <fixed_tile x="48" y="0" width="16" height="16" src_x="160" src_y="128" depth="4081" group="1" index="32"/>
        <fixed_tile x="48" y="0" width="16" height="16" src_x="176" src_y="128" depth="4081" group="1" index="16"/>
        <fixed_tile x="48" y="0" width="16" height="16" src_x="160" src_y="144" depth="4081" group="1" index="8"/>
        <fixed_tile x="48" y="0" width="16" height="16" src_x="176" src_y="144" depth="4081" group="1" index="4"/>
        <fixed_tile x="48" y="0" width="16" height="16" src_x="192" src_y="128" depth="4081" group="1" index="2"/>
        <fixed_tile x="48" y="0" width="16" height="16" src_x="208" src_y="128" depth="4081" group="1" index="1"/>
        <fixed_tile x="-256" y="16" width="16" height="16" src_x="192" src_y="144" depth="1" group="0" index="0"/>
        <fixed_tile x="-240" y="16" width="16" height="16" src_x="208" src_y="144" depth="1" group="0" index="0"/>
        <fixed_tile x="-224" y="16" width="16" height="16" src_x="224" src_y="128" depth="1" group="0" index="0"/>
        <fixed_tile x="-208" y="16" width="16" height="16" src_x="240" src_y="128" depth="1" group="0" index="0"/>
        <fixed_tile x="-192" y="16" width="16" height="16" src_x="224" src_y="144" depth="1" group="0" index="0"/>
        <fixed_tile x="-176" y="16" width="16" height="16" src_x="240" src_y="144" depth="1" group="0" index="0"/>
        <fixed_tile x="-160" y="16" width="16" height="16" src_x="256" src_y="128" depth="1" group="0" index="0"/>
        <fixed_tile x="-144" y="16" width="16" height="16" src_x="272" src_y="128" depth="1" group="0" index="0"/>
        <fixed_tile x="-128" y="16" width="16" height="16" src_x="256" src_y="144" depth="1" group="0" index="0"/>
        <fixed_tile x="-16" y="16" width="16" height="16" src_x="272" src_y="144" depth="4082" group="2" index="1"/>
        <fixed_tile x="-16" y="16" width="16" height="16" src_x="288" src_y="128" depth="4082" group="1" index="128"/>
        <fixed_tile x="-16" y="16" width="16" height="16" src_x="304" src_y="128" depth="4082" group="1" index="64"/>
        <fixed_tile x="-16" y="16" width="16" height="16" src_x="288" src_y="144" depth="4082" group="1" index="32"/>
        <fixed_tile x="-16" y="16" width="16" height="16" src_x="304" src_y="144" depth="4082" group="1" index="8"/>
        <fixed_tile x="-16" y="16" width="16" height="16" src_x="320" src_y="128" depth="4082" group="1" index="4"/>
        <fixed_tile x="0" y="16" width="16" height="16" src_x="336" src_y="128" depth="4082" group="2" index="16"/>
        <fixed_tile x="0" y="16" width="16" height="16" src_x="320" src_y="144" depth="4082" group="2" index="8"/>
        <fixed_tile x="0" y="16" width="16" height="16" src_x="336" src_y="144" depth="4082" group="2" index="4"/>
        <fixed_tile x="0" y="16" width="16" height="16" src_x="352" src_y="128" depth="4082" group="2" index="2"/>
        <fixed_tile x="0" y="16" width="16" height="16" src_x="368" src_y="128" depth="4082" group="2" index="1"/>
        <fixed_tile x="0" y="16" width="16" height="16" src_x="352" src_y="144" depth="4082" group="1" index="128"/>
        <fixed_tile x="0" y="16" width="16" height="16" src_x="368" src_y="144" depth="4082" group="1" index="64"/>
        <fixed_tile x="0" y="16" width="16" height="16" src_x="384" src_y="128" depth="4082" group="1" index="32"/>
        <fixed_tile x="0" y="16" width="16" height="16" src_x="400" src_y="128" depth="4082" group="1" index="16"/>
        <fixed_tile x="0" y="16" width="16" height="16" src_x="384" src_y="144" depth="4082" group="1" index="8"/>
        <fixed_tile x="0" y="16" width="16" height="16" src_x="400" src_y="144" depth="4082" group="1" index="4"/>
        <fixed_tile x="0" y="16" width="16" height="16" src_x="416" src_y="128" depth="4082" group="1" index="2"/>
        <fixed_tile x="32" y="16" width="16" height="16" src_x="432" src_y="128" depth="4081" group="2" index="16"/>
        <fixed_tile x="32" y="16" width="16" height="16" src_x="416" src_y="144" depth="4081" group="2" index="8"/>
        <fixed_tile x="32" y="16" width="16" height="16" src_x="432" src_y="144" depth="4081" group="2" index="4"/>
        <fixed_tile x="32" y="16" width="16" height="16" src_x="448" src_y="128" depth="4081" group="2" index="2"/>
        <fixed_tile x="32" y="16" width="16" height="16" src_x="464" src_y="128" depth="4081" group="2" index="1"/>
        <fixed_tile x="32" y="16" width="16" height="16" src_x="448" src_y="144" depth="4081" group="1" index="128"/>
        <fixed_tile x="32" y="16" width="16" height="16" src_x="464" src_y="144" depth="4081" group="1" index="64"/>
        <fixed_tile x="32" y="16" width="16" height="16" src_x="480" src_y="128" depth="4081" group="1" index="32"/>
        <fixed_tile x="32" y="16" width="16" height="16" src_x="496" src_y="128" depth="4081" group="1" index="16"/>
        <fixed_tile x="32" y="16" width="16" height="16" src_x="480" src_y="144" depth="4081" group="1" index="8"/>
        <fixed_tile x="32" y="16" width="16" height="16" src_x="496" src_y="144" depth="4081" group="1" index="4"/>
        <fixed_tile x="32" y="16" width="16" height="16" src_x="0" src_y="160" depth="4081" group="1" index="2"/>
        <fixed_tile x="32" y="16" width="16" height="16" src_x="16" src_y="160" depth="4081" group="1" index="1"/>
        <fixed_tile x="48" y="16" width="16" height="16" src_x="0" src_y="176" depth="4081" group="2" index="16"/>
        <fixed_tile x="48" y="16" width="16" height="16" src_x="16" src_y="176" depth="4081" group="2" index="8"/>
        <fixed_tile x="48" y="16" width="16" height="16" src_x="32" src_y="160" depth="4081" group="2" index="4"/>
        <fixed_tile x="48" y="16" width="16" height="16" src_x="48" src_y="160" depth="4081" group="2" index="2"/>
        <fixed_tile x="48" y="16" width="16" height="16" src_x="32" src_y="176" depth="4081" group="2" index="1"/>
        <fixed_tile x="48" y="16" width="16" height="16" src_x="48" src_y="176" depth="4081" group="1" index="128"/>
        <fixed_tile x="48" y="16" width="16" height="16" src_x="64" src_y="160" depth="4081" group="1" index="64"/>
        <fixed_tile x="48" y="16" width="16" height="16" src_x="80" src_y="160" depth="4081" group="1" index="32"/>
        <fixed_tile x="48" y="16" width="16" height="16" src_x="64" src_y="176" depth="4081" group="1" index="16"/>
        <fixed_tile x="48" y="16" width="16" height="16" src_x="80" src_y="176" depth="4081" group="1" index="8"/>
        <fixed_tile x="48" y="16" width="16" height="16" src_x="96" src_y="160" depth="4081" group="1" index="4"/>
        <fixed_tile x="48" y="16" width="16" height="16" src_x="112" src_y="160" depth="4081" group="1" index="2"/>
        <fixed_tile x="48" y="16" width="16" height="16" src_x="96" src_y="176" depth="4081" group="1" index="1"/>
        <fixed_tile x="-256" y="32" width="16" height="16" src_x="112" src_y="176" depth="1" group="0" index="0"/>
        <fixed_tile x="-240" y="32" width="16" height="16" src_x="128" src_y="160" depth="1" group="0" index="0"/>
        <fixed_tile x="-224" y="32" width="16" height="16" src_x="144" src_y="160" depth="1" group="0" index="0"/>
        <fixed_tile x="-208" y="32" width="16" height="16" src_x="128" src_y="176" depth="1" group="0" index="0"/>
        <fixed_tile x="-192" y="32" width="16" height="16" src_x="144" src_y="176" depth="1" group="0" index="0"/>
        <fixed_tile x="-176" y="32" width="16" height="16" src_x="160" src_y="160" depth="1" group="0" index="0"/>
        <fixed_tile x="-160" y="32" width="16" height="16" src_x="176" src_y="160" depth="1" group="0" index="0"/>
        <fixed_tile x="-144" y="32" width="16" height="16" src_x="160" src_y="176" depth="1" group="0" index="0"/>
        <fixed_tile x="-128" y="32" width="16" height="16" src_x="176" src_y="176" depth="1" group="0" index="0"/>
        <fixed_tile x="16" y="32" width="16" height="16" src_x="192" src_y="160" depth="4082" group="5" index="4"/>
        <fixed_tile x="16" y="32" width="16" height="16" src_x="208" src_y="160" depth="3809" group="5" index="2"/>
        <fixed_tile x="16" y="32" width="16" height="16" src_x="192" src_y="176" depth="4081" group="5" index="1"/>
        <fixed_tile x="32" y="32" width="16" height="16" src_x="208" src_y="176" depth="4082" group="5" index="4"/>
        <fixed_tile x="32" y="32" width="16" height="16" src_x="224" src_y="160" depth="3809" group="5" index="2"/>
        <fixed_tile x="32" y="32" width="16" height="16" src_x="240" src_y="160" depth="4081" group="5" index="1"/>
        <fixed_tile x="-256" y="48" width="16" height="16" src_x="224" src_y="176" depth="1" group="0" index="0"/>
        <fixed_tile x="-240" y="48" width="16" height="16" src_x="240" src_y="176" depth="1" group="0" index="0"/>
        <fixed_tile x="-224" y="48" width="16" height="16" src_x="256" src_y="160" depth="1" group="0" index="0"/>
        <fixed_tile x="-208" y="48" width="16" height="16" src_x="272" src_y="160" depth="1" group="0" index="0"/>
        <fixed_tile x="-192" y="48" width="16" height="16" src_x="256" src_y="176" depth="1" group="0" index="0"/>
        <fixed_tile x="-176" y="48" width="16" height="16" src_x="272" src_y="176" depth="1" group="0" index="0"/>
        <fixed_tile x="-160" y="48" width="16" height="16" src_x="288" src_y="160" depth="1" group="0" index="0"/>
        <fixed_tile x="-144" y="48" width="16" height="16" src_x="304" src_y="160" depth="1" group="0" index="0"/>
        <fixed_tile x="-128" y="48" width="16" height="16" src_x="288" src_y="176" depth="1" group="0" index="0"/>
        <fixed_tile x="16" y="48" width="16" height="16" src_x="304" src_y="176" depth="4082" group="5" index="4"/>
        <fixed_tile x="16" y="48" width="16" height="16" src_x="320" src_y="160" depth="4081" group="5" index="1"/>
        <fixed_tile x="32" y="48" width="16" height="16" src_x="336" src_y="160" depth="4082" group="5" index="4"/>
        <fixed_tile x="32" y="48" width="16" height="16" src_x="320" src_y="176" depth="4081" group="5" index="1"/>
        <fixed_tile x="-256" y="64" width="16" height="16" src_x="336" src_y="176" depth="1" group="0" index="0"/>
        <fixed_tile x="-240" y="64" width="16" height="16" src_x="352" src_y="160" depth="1" group="0" index="0"/>
        <fixed_tile x="-224" y="64" width="16" height="16" src_x="368" src_y="160" depth="1" group="0" index="0"/>
        <fixed_tile x="-208" y="64" width="16" height="16" src_x="352" src_y="176" depth="1" group="0" index="0"/>
        <fixed_tile x="-192" y="64" width="16" height="16" src_x="368" src_y="176" depth="1" group="0" index="0"/>
        <fixed_tile x="-176" y="64" width="16" height="16" src_x="384" src_y="160" depth="1" group="0" index="0"/>
        <fixed_tile x="-160" y="64" width="16" height="16" src_x="400" src_y="160" depth="1" group="0" index="0"/>
        <fixed_tile x="-144" y="64" width="16" height="16" src_x="384" src_y="176" depth="1" group="0" index="0"/>
        <fixed_tile x="-128" y="64" width="16" height="16" src_x="400" src_y="176" depth="1" group="0" index="0"/>
        <fixed_tile x="-256" y="80" width="16" height="16" src_x="416" src_y="160" depth="1" group="0" index="0"/>
        <fixed_tile x="-240" y="80" width="16" height="16" src_x="432" src_y="160" depth="1" group="0" index="0"/>
        <fixed_tile x="-224" y="80" width="16" height="16" src_x="416" src_y="176" depth="1" group="0" index="0"/>
        <fixed_tile x="-208" y="80" width="16" height="16" src_x="432" src_y="176" depth="1" group="0" index="0"/>
        <fixed_tile x="-192" y="80" width="16" height="16" src_x="448" src_y="160" depth="1" group="0" index="0"/>
        <fixed_tile x="-176" y="80" width="16" height="16" src_x="464" src_y="160" depth="1" group="0" index="0"/>
        <fixed_tile x="-160" y="80" width="16" height="16" src_x="448" src_y="176" depth="1" group="0" index="0"/>
        <fixed_tile x="-144" y="80" width="16" height="16" src_x="464" src_y="176" depth="1" group="0" index="0"/>
        <fixed_tile x="-128" y="80" width="16" height="16" src_x="480" src_y="160" depth="1" group="0" index="0"/>
        <fixed_tile x="-256" y="96" width="16" height="16" src_x="496" src_y="160" depth="1" group="0" index="0"/>
        <fixed_tile x="-240" y="96" width="16" height="16" src_x="480" src_y="176" depth="1" group="0" index="0"/>
        <fixed_tile x="-224" y="96" width="16" height="16" src_x="496" src_y="176" depth="1" group="0" index="0"/>
        <fixed_tile x="-208" y="96" width="16" height="16" src_x="0" src_y="192" depth="1" group="0" index="0"/>
        <fixed_tile x="-192" y="96" width="16" height="16" src_x="16" src_y="192" depth="1" group="0" index="0"/>
        <fixed_tile x="-176" y="96" width="16" height="16" src_x="0" src_y="208" depth="1" group="0" index="0"/>
        <fixed_tile x="-160" y="96" width="16" height="16" src_x="16" src_y="208" depth="1" group="0" index="0"/>
        <fixed_tile x="-144" y="96" width="16" height="16" src_x="32" src_y="192" depth="1" group="0" index="0"/>
        <fixed_tile x="-128" y="96" width="16" height="16" src_x="48" src_y="192" depth="1" group="0" index="0"/>
        <fixed_tile x="-112" y="96" width="16" height="16" src_x="32" src_y="208" depth="1" group="0" index="0"/>
        <fixed_tile x="-96" y="96" width="16" height="16" src_x="48" src_y="208" depth="1" group="0" index="0"/>
        <fixed_tile x="-80" y="96" width="16" height="16" src_x="64" src_y="192" depth="1" group="0" index="0"/>
        <fixed_tile x="-64" y="96" width="16" height="16" src_x="80" src_y="192" depth="1" group="0" index="0"/>
        <fixed_tile x="-48" y="96" width="16" height="16" src_x="64" src_y="208" depth="1" group="0" index="0"/>
        <fixed_tile x="-32" y="96" width="16" height="16" src_x="80" src_y="208" depth="1" group="0" index="0"/>
        <fixed_tile x="-16" y="96" width="16" height="16" src_x="96" src_y="192" depth="1" group="0" index="0"/>
        <fixed_tile x="0" y="96" width="16" height="16" src_x="112" src_y="192" depth="1" group="0" index="0"/>
        <fixed_tile x="16" y="96" width="16" height="16" src_x="96" src_y="208" depth="1" group="0" index="0"/>
        <fixed_tile x="32" y="96" width="16" height="16" src_x="112" src_y="208" depth="1" group="0" index="0"/>
        <fixed_tile x="48" y="96" width="16" height="16" src_x="128" src_y="192" depth="1" group="0" index="0"/>
        <fixed_tile x="64" y="96" width="16" height="16" src_x="144" src_y="192" depth="1" group="0" index="0"/>
        <fixed_tile x="80" y="96" width="16" height="16" src_x="128" src_y="208" depth="1" group="0" index="0"/>
        <fixed_tile x="96" y="96" width="16" height="16" src_x="144" src_y="208" depth="1" group="0" index="0"/>
        <fixed_tile x="112" y="96" width="16" height="16" src_x="160" src_y="192" depth="1" group="0" index="0"/>
        <fixed_tile x="-256" y="112" width="16" height="16" src_x="176" src_y="192" depth="1" group="0" index="0"/>
        <fixed_tile x="-240" y="112" width="16" height="16" src_x="160" src_y="208" depth="1" group="0" index="0"/>
        <fixed_tile x="-224" y="112" width="16" height="16" src_x="176" src_y="208" depth="1" group="0" index="0"/>
        <fixed_tile x="-208" y="112" width="16" height="16" src_x="192" src_y="192" depth="1" group="0" index="0"/>
        <fixed_tile x="-192" y="112" width="16" height="16" src_x="208" src_y="192" depth="1" group="0" index="0"/>
        <fixed_tile x="-176" y="112" width="16" height="16" src_x="192" src_y="208" depth="1" group="0" index="0"/>
        <fixed_tile x="-160" y="112" width="16" height="16" src_x="208" src_y="208" depth="1" group="0" index="0"/>
        <fixed_tile x="-144" y="112" width="16" height="16" src_x="224" src_y="192" depth="1" group="0" index="0"/>
        <fixed_tile x="-128" y="112" width="16" height="16" src_x="240" src_y="192" depth="1" group="0" index="0"/>
        <fixed_tile x="-112" y="112" width="16" height="16" src_x="224" src_y="208" depth="1" group="0" index="0"/>
        <fixed_tile x="-96" y="112" width="16" height="16" src_x="240" src_y="208" depth="1" group="0" index="0"/>
        <fixed_tile x="-80" y="112" width="16" height="16" src_x="256" src_y="192" depth="1" group="0" index="0"/>
        <fixed_tile x="-64" y="112" width="16" height="16" src_x="272" src_y="192" depth="1" group="0" index="0"/>
        <fixed_tile x="-48" y="112" width="16" height="16" src_x="256" src_y="208" depth="1" group="0" index="0"/>
        <fixed_tile x="-32" y="112" width="16" height="16" src_x="272" src_y="208" depth="1" group="0" index="0"/>
        <fixed_tile x="-16" y="112" width="16" height="16" src_x="288" src_y="192" depth="1" group="0" index="0"/>
        <fixed_tile x="0" y="112" width="16" height="16" src_x="304" src_y="192" depth="1" group="0" index="0"/>
        <fixed_tile x="16" y="112" width="16" height="16" src_x="288" src_y="208" depth="1" group="0" index="0"/>
        <fixed_tile x="32" y="112" width="16" height="16" src_x="304" src_y="208" depth="1" group="0" index="0"/>
        <fixed_tile x="48" y="112" width="16" height="16" src_x="320" src_y="192" depth="1" group="0" index="0"/>
        <fixed_tile x="64" y="112" width="16" height="16" src_x="336" src_y="192" depth="1" group="0" index="0"/>
        <fixed_tile x="80" y="112" width="16" height="16" src_x="320" src_y="208" depth="1" group="0" index="0"/>
        <fixed_tile x="96" y="112" width="16" height="16" src_x="336" src_y="208" depth="1" group="0" index="0"/>
        <fixed_tile x="112" y="112" width="16" height="16" src_x="352" src_y="192" depth="1" group="0" index="0"/>
        <fixed_tile x="-256" y="128" width="16" height="16" src_x="368" src_y="192" depth="1" group="0" index="0"/>
        <fixed_tile x="-240" y="128" width="16" height="16" src_x="352" src_y="208" depth="1" group="0" index="0"/>
        <fixed_tile x="-224" y="128" width="16" height="16" src_x="368" src_y="208" depth="1" group="0" index="0"/>
        <fixed_tile x="-208" y="128" width="16" height="16" src_x="384" src_y="192" depth="1" group="0" index="0"/>
        <fixed_tile x="-192" y="128" width="16" height="16" src_x="400" src_y="192" depth="1" group="0" index="0"/>
        <fixed_tile x="-176" y="128" width="16" height="16" src_x="384" src_y="208" depth="1" group="0" index="0"/>
        <fixed_tile x="-160" y="128" width="16" height="16" src_x="400" src_y="208" depth="1" group="0" index="0"/>
        <fixed_tile x="-144" y="128" width="16" height="16" src_x="416" src_y="192" depth="1" group="0" index="0"/>
        <fixed_tile x="-128" y="128" width="16" height="16" src_x="432" src_y="192" depth="1" group="0" index="0"/>
        <fixed_tile x="-112" y="128" width="16" height="16" src_x="416" src_y="208" depth="1" group="0" index="0"/>
        <fixed_tile x="-96" y="128" width="16" height="16" src_x="432" src_y="208" depth="1" group="0" index="0"/>
        <fixed_tile x="-80" y="128" width="16" height="16" src_x="448" src_y="192" depth="1" group="0" index="0"/>
        <fixed_tile x="-64" y="128" width="16" height="16" src_x="464" src_y="192" depth="1" group="0" index="0"/>
        <fixed_tile x="-48" y="128" width="16" height="16" src_x="448" src_y="208" depth="1" group="0" index="0"/>
        <fixed_tile x="-32" y="128" width="16" height="16" src_x="464" src_y="208" depth="1" group="0" index="0"/>
        <fixed_tile x="-16" y="128" width="16" height="16" src_x="480" src_y="192" depth="1" group="0" index="0"/>
        <fixed_tile x="0" y="128" width="16" height="16" src_x="496" src_y="192" depth="1" group="0" index="0"/>
        <fixed_tile x="16" y="128" width="16" height="16" src_x="480" src_y="208" depth="1" group="0" index="0"/>
        <fixed_tile x="32" y="128" width="16" height="16" src_x="496" src_y="208" depth="1" group="0" index="0"/>
        <fixed_tile x="48" y="128" width="16" height="16" src_x="0" src_y="224" depth="1" group="0" index="0"/>
        <fixed_tile x="64" y="128" width="16" height="16" src_x="16" src_y="224" depth="1" group="0" index="0"/>
        <fixed_tile x="80" y="128" width="16" height="16" src_x="0" src_y="240" depth="1" group="0" index="0"/>
        <fixed_tile x="96" y="128" width="16" height="16" src_x="16" src_y="240" depth="1" group="0" index="0"/>
        <fixed_tile x="112" y="128" width="16" height="16" src_x="32" src_y="224" depth="1" group="0" index="0"/>
    </fixed>



    <dynamic_1/>



    <dynamic_2/>
</background>
