<?xml version="1.0" encoding="ISO-8859-1"?>
<background tileset_name="startmap_bg.png">
    <bottom>
        <bottom_tile x="-160" y="-128" width="16" height="16" src_x="0" src_y="0"/>
        <bottom_tile x="-144" y="-128" width="16" height="16" src_x="16" src_y="0"/>
        <bottom_tile x="-128" y="-128" width="16" height="16" src_x="0" src_y="16"/>
        <bottom_tile x="-112" y="-128" width="16" height="16" src_x="16" src_y="16"/>
        <bottom_tile x="-96" y="-128" width="16" height="16" src_x="32" src_y="0"/>
        <bottom_tile x="-80" y="-128" width="16" height="16" src_x="48" src_y="0"/>
        <bottom_tile x="-64" y="-128" width="16" height="16" src_x="32" src_y="16"/>
        <bottom_tile x="-48" y="-128" width="16" height="16" src_x="48" src_y="16"/>
        <bottom_tile x="-32" y="-128" width="16" height="16" src_x="64" src_y="0"/>
        <bottom_tile x="-16" y="-128" width="16" height="16" src_x="80" src_y="0"/>
        <bottom_tile x="0" y="-128" width="16" height="16" src_x="64" src_y="16"/>
        <bottom_tile x="16" y="-128" width="16" height="16" src_x="80" src_y="16"/>
        <bottom_tile x="32" y="-128" width="16" height="16" src_x="96" src_y="0"/>
        <bottom_tile x="48" y="-128" width="16" height="16" src_x="112" src_y="0"/>
        <bottom_tile x="64" y="-128" width="16" height="16" src_x="96" src_y="16"/>
        <bottom_tile x="80" y="-128" width="16" height="16" src_x="112" src_y="16"/>
        <bottom_tile x="96" y="-128" width="16" height="16" src_x="128" src_y="0"/>
        <bottom_tile x="112" y="-128" width="16" height="16" src_x="144" src_y="0"/>
        <bottom_tile x="128" y="-128" width="16" height="16" src_x="128" src_y="16"/>
        <bottom_tile x="144" y="-128" width="16" height="16" src_x="144" src_y="16"/>
        <bottom_tile x="32" y="-112" width="16" height="16" src_x="160" src_y="0"/>
        <bottom_tile x="48" y="-112" width="16" height="16" src_x="176" src_y="0"/>
        <bottom_tile x="64" y="-112" width="16" height="16" src_x="160" src_y="16"/>
        <bottom_tile x="80" y="-112" width="16" height="16" src_x="176" src_y="16"/>
        <bottom_tile x="96" y="-112" width="16" height="16" src_x="192" src_y="0"/>
        <bottom_tile x="112" y="-112" width="16" height="16" src_x="208" src_y="0"/>
        <bottom_tile x="128" y="-112" width="16" height="16" src_x="192" src_y="16"/>
        <bottom_tile x="0" y="-48" width="16" height="16" src_x="208" src_y="16"/>
        <bottom_tile x="16" y="-48" width="16" height="16" src_x="224" src_y="0"/>
        <bottom_tile x="32" y="-48" width="16" height="16" src_x="240" src_y="0"/>
        <bottom_tile x="-64" y="-32" width="16" height="16" src_x="224" src_y="16"/>
        <bottom_tile x="-48" y="-32" width="16" height="16" src_x="240" src_y="16"/>
        <bottom_tile x="-32" y="-32" width="16" height="16" src_x="256" src_y="0"/>
        <bottom_tile x="-16" y="-32" width="16" height="16" src_x="272" src_y="0"/>
        <bottom_tile x="0" y="-32" width="16" height="16" src_x="256" src_y="16"/>
        <bottom_tile x="16" y="-32" width="16" height="16" src_x="272" src_y="16"/>
        <bottom_tile x="32" y="-32" width="16" height="16" src_x="288" src_y="0"/>
        <bottom_tile x="48" y="-32" width="16" height="16" src_x="304" src_y="0"/>
        <bottom_tile x="-64" y="-16" width="16" height="16" src_x="288" src_y="16"/>
        <bottom_tile x="-48" y="-16" width="16" height="16" src_x="304" src_y="16"/>
        <bottom_tile x="-32" y="-16" width="16" height="16" src_x="320" src_y="0"/>
        <bottom_tile x="-16" y="-16" width="16" height="16" src_x="336" src_y="0"/>
        <bottom_tile x="0" y="-16" width="16" height="16" src_x="320" src_y="16"/>
        <bottom_tile x="16" y="-16" width="16" height="16" src_x="336" src_y="16"/>
        <bottom_tile x="32" y="-16" width="16" height="16" src_x="352" src_y="0"/>
        <bottom_tile x="48" y="-16" width="16" height="16" src_x="368" src_y="0"/>
        <bottom_tile x="-64" y="0" width="16" height="16" src_x="352" src_y="16"/>
        <bottom_tile x="-48" y="0" width="16" height="16" src_x="368" src_y="16"/>
        <bottom_tile x="-32" y="0" width="16" height="16" src_x="384" src_y="0"/>
        <bottom_tile x="-16" y="0" width="16" height="16" src_x="400" src_y="0"/>
        <bottom_tile x="0" y="0" width="16" height="16" src_x="384" src_y="16"/>
        <bottom_tile x="16" y="0" width="16" height="16" src_x="400" src_y="16"/>
        <bottom_tile x="32" y="0" width="16" height="16" src_x="416" src_y="0"/>
        <bottom_tile x="48" y="0" width="16" height="16" src_x="432" src_y="0"/>
        <bottom_tile x="-128" y="64" width="16" height="16" src_x="416" src_y="16"/>
        <bottom_tile x="-112" y="64" width="16" height="16" src_x="432" src_y="16"/>
        <bottom_tile x="-96" y="64" width="16" height="16" src_x="448" src_y="0"/>
        <bottom_tile x="-80" y="64" width="16" height="16" src_x="464" src_y="0"/>
        <bottom_tile x="-64" y="64" width="16" height="16" src_x="448" src_y="16"/>
        <bottom_tile x="-160" y="80" width="16" height="16" src_x="464" src_y="16"/>
        <bottom_tile x="-144" y="80" width="16" height="16" src_x="480" src_y="0"/>
        <bottom_tile x="-128" y="80" width="16" height="16" src_x="496" src_y="0"/>
        <bottom_tile x="-112" y="80" width="16" height="16" src_x="480" src_y="16"/>
        <bottom_tile x="-96" y="80" width="16" height="16" src_x="496" src_y="16"/>
        <bottom_tile x="-80" y="80" width="16" height="16" src_x="0" src_y="32"/>
        <bottom_tile x="-64" y="80" width="16" height="16" src_x="16" src_y="32"/>
        <bottom_tile x="-48" y="80" width="16" height="16" src_x="0" src_y="48"/>
        <bottom_tile x="-32" y="80" width="16" height="16" src_x="16" src_y="48"/>
        <bottom_tile x="-16" y="80" width="16" height="16" src_x="32" src_y="32"/>
        <bottom_tile x="0" y="80" width="16" height="16" src_x="48" src_y="32"/>
        <bottom_tile x="16" y="80" width="16" height="16" src_x="32" src_y="48"/>
        <bottom_tile x="32" y="80" width="16" height="16" src_x="48" src_y="48"/>
        <bottom_tile x="48" y="80" width="16" height="16" src_x="64" src_y="32"/>
        <bottom_tile x="64" y="80" width="16" height="16" src_x="80" src_y="32"/>
        <bottom_tile x="80" y="80" width="16" height="16" src_x="64" src_y="48"/>
        <bottom_tile x="96" y="80" width="16" height="16" src_x="80" src_y="48"/>
        <bottom_tile x="112" y="80" width="16" height="16" src_x="96" src_y="32"/>
        <bottom_tile x="128" y="80" width="16" height="16" src_x="112" src_y="32"/>
        <bottom_tile x="144" y="80" width="16" height="16" src_x="96" src_y="48"/>
        <bottom_tile x="-160" y="96" width="16" height="16" src_x="112" src_y="48"/>
        <bottom_tile x="-144" y="96" width="16" height="16" src_x="128" src_y="32"/>
        <bottom_tile x="-128" y="96" width="16" height="16" src_x="144" src_y="32"/>
        <bottom_tile x="-112" y="96" width="16" height="16" src_x="128" src_y="48"/>
        <bottom_tile x="-96" y="96" width="16" height="16" src_x="144" src_y="48"/>
        <bottom_tile x="-80" y="96" width="16" height="16" src_x="160" src_y="32"/>
        <bottom_tile x="-64" y="96" width="16" height="16" src_x="176" src_y="32"/>
        <bottom_tile x="-48" y="96" width="16" height="16" src_x="160" src_y="48"/>
        <bottom_tile x="-32" y="96" width="16" height="16" src_x="176" src_y="48"/>
        <bottom_tile x="-16" y="96" width="16" height="16" src_x="192" src_y="32"/>
        <bottom_tile x="0" y="96" width="16" height="16" src_x="208" src_y="32"/>
        <bottom_tile x="16" y="96" width="16" height="16" src_x="192" src_y="48"/>
        <bottom_tile x="32" y="96" width="16" height="16" src_x="208" src_y="48"/>
        <bottom_tile x="48" y="96" width="16" height="16" src_x="224" src_y="32"/>
        <bottom_tile x="64" y="96" width="16" height="16" src_x="240" src_y="32"/>
        <bottom_tile x="80" y="96" width="16" height="16" src_x="224" src_y="48"/>
        <bottom_tile x="96" y="96" width="16" height="16" src_x="240" src_y="48"/>
        <bottom_tile x="112" y="96" width="16" height="16" src_x="256" src_y="32"/>
        <bottom_tile x="128" y="96" width="16" height="16" src_x="272" src_y="32"/>
        <bottom_tile x="144" y="96" width="16" height="16" src_x="256" src_y="48"/>
    </bottom>



    <fixed>
        <fixed_tile x="-32" y="-112" width="16" height="16" src_x="272" src_y="48" depth="1" group="0" index="0"/>
        <fixed_tile x="-16" y="-112" width="16" height="16" src_x="288" src_y="32" depth="1" group="0" index="0"/>
        <fixed_tile x="0" y="-112" width="16" height="16" src_x="304" src_y="32" depth="1" group="0" index="0"/>
        <fixed_tile x="-32" y="-96" width="16" height="16" src_x="288" src_y="48" depth="1" group="0" index="0"/>
        <fixed_tile x="-16" y="-96" width="16" height="16" src_x="304" src_y="48" depth="1" group="0" index="0"/>
        <fixed_tile x="0" y="-96" width="16" height="16" src_x="320" src_y="32" depth="1" group="0" index="0"/>
        <fixed_tile x="16" y="-96" width="16" height="16" src_x="336" src_y="32" depth="1" group="0" index="0"/>
        <fixed_tile x="-80" y="-80" width="16" height="16" src_x="320" src_y="48" depth="1" group="0" index="0"/>
        <fixed_tile x="-64" y="-80" width="16" height="16" src_x="336" src_y="48" depth="1" group="0" index="0"/>
        <fixed_tile x="-48" y="-80" width="16" height="16" src_x="352" src_y="32" depth="1" group="0" index="0"/>
        <fixed_tile x="-32" y="-80" width="16" height="16" src_x="368" src_y="32" depth="1" group="0" index="0"/>
        <fixed_tile x="-16" y="-80" width="16" height="16" src_x="352" src_y="48" depth="1" group="0" index="0"/>
        <fixed_tile x="0" y="-80" width="16" height="16" src_x="368" src_y="48" depth="1" group="0" index="0"/>
        <fixed_tile x="16" y="-80" width="16" height="16" src_x="384" src_y="32" depth="1" group="0" index="0"/>
        <fixed_tile x="32" y="-80" width="16" height="16" src_x="400" src_y="32" depth="1" group="0" index="0"/>
        <fixed_tile x="48" y="-80" width="16" height="16" src_x="384" src_y="48" depth="1" group="0" index="0"/>
        <fixed_tile x="64" y="-80" width="16" height="16" src_x="400" src_y="48" depth="1" group="0" index="0"/>
        <fixed_tile x="-80" y="-64" width="16" height="16" src_x="416" src_y="32" depth="1" group="0" index="0"/>
        <fixed_tile x="-64" y="-64" width="16" height="16" src_x="432" src_y="32" depth="1" group="0" index="0"/>
        <fixed_tile x="-48" y="-64" width="16" height="16" src_x="416" src_y="48" depth="1" group="0" index="0"/>
        <fixed_tile x="16" y="-64" width="16" height="16" src_x="432" src_y="48" depth="1" group="0" index="0"/>
        <fixed_tile x="32" y="-64" width="16" height="16" src_x="448" src_y="32" depth="1" group="0" index="0"/>
        <fixed_tile x="48" y="-64" width="16" height="16" src_x="464" src_y="32" depth="1" group="0" index="0"/>
        <fixed_tile x="64" y="-64" width="16" height="16" src_x="448" src_y="48" depth="1" group="0" index="0"/>
        <fixed_tile x="-80" y="-48" width="16" height="16" src_x="464" src_y="48" depth="1" group="0" index="0"/>
        <fixed_tile x="-64" y="-48" width="16" height="16" src_x="480" src_y="32" depth="1" group="0" index="0"/>
        <fixed_tile x="-48" y="-48" width="16" height="16" src_x="496" src_y="32" depth="1" group="0" index="0"/>
        <fixed_tile x="32" y="-48" width="16" height="16" src_x="480" src_y="48" depth="1" group="0" index="0"/>
        <fixed_tile x="48" y="-48" width="16" height="16" src_x="496" src_y="48" depth="1" group="0" index="0"/>
        <fixed_tile x="64" y="-48" width="16" height="16" src_x="0" src_y="64" depth="1" group="0" index="0"/>
        <fixed_tile x="-112" y="-32" width="16" height="16" src_x="16" src_y="64" depth="1" group="0" index="0"/>
        <fixed_tile x="-96" y="-32" width="16" height="16" src_x="0" src_y="80" depth="1" group="0" index="0"/>
        <fixed_tile x="-80" y="-32" width="16" height="16" src_x="16" src_y="80" depth="1" group="0" index="0"/>
        <fixed_tile x="48" y="-32" width="16" height="16" src_x="32" src_y="64" depth="1" group="0" index="0"/>
        <fixed_tile x="64" y="-32" width="16" height="16" src_x="48" src_y="64" depth="1" group="0" index="0"/>
        <fixed_tile x="80" y="-32" width="16" height="16" src_x="32" src_y="80" depth="1" group="0" index="0"/>
        <fixed_tile x="96" y="-32" width="16" height="16" src_x="48" src_y="80" depth="1" group="0" index="0"/>
        <fixed_tile x="-112" y="-16" width="16" height="16" src_x="64" src_y="64" depth="1" group="0" index="0"/>
        <fixed_tile x="-96" y="-16" width="16" height="16" src_x="80" src_y="64" depth="1" group="0" index="0"/>
        <fixed_tile x="-80" y="-16" width="16" height="16" src_x="64" src_y="80" depth="1" group="0" index="0"/>
        <fixed_tile x="-64" y="-16" width="16" height="16" src_x="80" src_y="80" depth="1" group="0" index="0"/>
        <fixed_tile x="48" y="-16" width="16" height="16" src_x="96" src_y="64" depth="1" group="0" index="0"/>
        <fixed_tile x="64" y="-16" width="16" height="16" src_x="112" src_y="64" depth="1" group="0" index="0"/>
        <fixed_tile x="80" y="-16" width="16" height="16" src_x="96" src_y="80" depth="1" group="0" index="0"/>
        <fixed_tile x="96" y="-16" width="16" height="16" src_x="112" src_y="80" depth="1" group="0" index="0"/>
        <fixed_tile x="-112" y="0" width="16" height="16" src_x="128" src_y="64" depth="1" group="0" index="0"/>
        <fixed_tile x="-96" y="0" width="16" height="16" src_x="144" src_y="64" depth="1" group="0" index="0"/>
        <fixed_tile x="-80" y="0" width="16" height="16" src_x="128" src_y="80" depth="1" group="0" index="0"/>
        <fixed_tile x="-64" y="0" width="16" height="16" src_x="144" src_y="80" depth="1" group="0" index="0"/>
        <fixed_tile x="-48" y="0" width="16" height="16" src_x="160" src_y="64" depth="1" group="0" index="0"/>
        <fixed_tile x="32" y="0" width="16" height="16" src_x="176" src_y="64" depth="1" group="0" index="0"/>
        <fixed_tile x="48" y="0" width="16" height="16" src_x="160" src_y="80" depth="1" group="0" index="0"/>
        <fixed_tile x="64" y="0" width="16" height="16" src_x="176" src_y="80" depth="1" group="0" index="0"/>
        <fixed_tile x="80" y="0" width="16" height="16" src_x="192" src_y="64" depth="1" group="0" index="0"/>
        <fixed_tile x="96" y="0" width="16" height="16" src_x="208" src_y="64" depth="1" group="0" index="0"/>
        <fixed_tile x="-80" y="16" width="16" height="16" src_x="192" src_y="80" depth="1" group="0" index="0"/>
        <fixed_tile x="-64" y="16" width="16" height="16" src_x="208" src_y="80" depth="1" group="0" index="0"/>
        <fixed_tile x="-48" y="16" width="16" height="16" src_x="224" src_y="64" depth="1" group="0" index="0"/>
        <fixed_tile x="16" y="16" width="16" height="16" src_x="240" src_y="64" depth="1" group="0" index="0"/>
        <fixed_tile x="32" y="16" width="16" height="16" src_x="224" src_y="80" depth="1" group="0" index="0"/>
        <fixed_tile x="48" y="16" width="16" height="16" src_x="240" src_y="80" depth="1" group="0" index="0"/>
        <fixed_tile x="64" y="16" width="16" height="16" src_x="256" src_y="64" depth="1" group="0" index="0"/>
        <fixed_tile x="-80" y="32" width="16" height="16" src_x="272" src_y="64" depth="1" group="0" index="0"/>
        <fixed_tile x="-64" y="32" width="16" height="16" src_x="256" src_y="80" depth="1" group="0" index="0"/>
        <fixed_tile x="-48" y="32" width="16" height="16" src_x="272" src_y="80" depth="1" group="0" index="0"/>
        <fixed_tile x="-32" y="32" width="16" height="16" src_x="288" src_y="64" depth="1" group="0" index="0"/>
        <fixed_tile x="-16" y="32" width="16" height="16" src_x="304" src_y="64" depth="1" group="0" index="0"/>
        <fixed_tile x="0" y="32" width="16" height="16" src_x="288" src_y="80" depth="1" group="0" index="0"/>
        <fixed_tile x="16" y="32" width="16" height="16" src_x="304" src_y="80" depth="1" group="0" index="0"/>
        <fixed_tile x="32" y="32" width="16" height="16" src_x="320" src_y="64" depth="1" group="0" index="0"/>
        <fixed_tile x="48" y="32" width="16" height="16" src_x="336" src_y="64" depth="1" group="0" index="0"/>
        <fixed_tile x="64" y="32" width="16" height="16" src_x="320" src_y="80" depth="1" group="0" index="0"/>
        <fixed_tile x="-80" y="48" width="16" height="16" src_x="336" src_y="80" depth="1" group="0" index="0"/>
        <fixed_tile x="-64" y="48" width="16" height="16" src_x="352" src_y="64" depth="1" group="0" index="0"/>
        <fixed_tile x="-48" y="48" width="16" height="16" src_x="368" src_y="64" depth="1" group="0" index="0"/>
        <fixed_tile x="-32" y="48" width="16" height="16" src_x="352" src_y="80" depth="1" group="0" index="0"/>
        <fixed_tile x="-16" y="48" width="16" height="16" src_x="368" src_y="80" depth="1" group="0" index="0"/>
        <fixed_tile x="0" y="48" width="16" height="16" src_x="384" src_y="64" depth="1" group="0" index="0"/>
        <fixed_tile x="16" y="48" width="16" height="16" src_x="400" src_y="64" depth="1" group="0" index="0"/>
        <fixed_tile x="32" y="48" width="16" height="16" src_x="384" src_y="80" depth="1" group="0" index="0"/>
        <fixed_tile x="48" y="48" width="16" height="16" src_x="400" src_y="80" depth="1" group="0" index="0"/>
        <fixed_tile x="64" y="48" width="16" height="16" src_x="416" src_y="64" depth="1" group="0" index="0"/>
        <fixed_tile x="-32" y="64" width="16" height="16" src_x="432" src_y="64" depth="1" group="0" index="0"/>
        <fixed_tile x="-16" y="64" width="16" height="16" src_x="416" src_y="80" depth="1" group="0" index="0"/>
        <fixed_tile x="0" y="64" width="16" height="16" src_x="432" src_y="80" depth="1" group="0" index="0"/>
        <fixed_tile x="16" y="64" width="16" height="16" src_x="448" src_y="64" depth="1" group="0" index="0"/>
        <fixed_tile x="-16" y="80" width="16" height="16" src_x="464" src_y="64" depth="1" group="0" index="0"/>
        <fixed_tile x="0" y="80" width="16" height="16" src_x="448" src_y="80" depth="1" group="0" index="0"/>
    </fixed>



    <dynamic_1/>



    <dynamic_2/>
</background>
