<?xml version="1.0" encoding="ISO-8859-1"?>
<map>
    <walkmesh file_name="data/field/map/md1stin_wm.xml" />
    <script file_name="data/field/map/md1stin.lua" />
    <texts>
        <dialog file_name="dialogs_mission1.xml" />
        <dialog file_name="receiving.xml" />
    </texts>
    <line_triggers>
        <line_trigger name="gateway_to_md1_1" point1="3661 29256 353" point2="3669 29368 353" enabled="true" />
    </line_triggers>
    <camera view_matrix="0.992676 -0.120850 0.000000 -357.660156 0.012939 0.104980 0.994629 -3281.374023 -0.119873 -0.987061 0.105713 27026.482422 0.000000 0.000000 0.000000 1.000000" projection_matrix="2.412500 0.000000 0.000000 0.000000 0.000000 3.446429 0.000000 0.000000 0.000000 0.000000 -1.000020 -2.000020 0.000000 0.000000 -1.000000 0.000000" />
    <movement_rotation angle="-5.625" />
    <encounters>
        <table rate="100">
            <encounter percentage="37.5" battle_id="301" />
            <encounter percentage="34.375" battle_id="302" />
            <encounter percentage="28,125" battle_id="303" />
        </table>
    </encounters>
</map>
