<?xml version="1.0" encoding="ISO-8859-1"?>
<models>
    <!-- Test -->
    <model id="30" file_name="nmkin_1_chest.mesh" />
    <model id="40" file_name="nmkin_3_bottle_blue.mesh" />

    <!-- startmap -->
    <model id="3200" file_name="startmap_cloud.mesh" />
    <model id="3201" file_name="startmap_yuffie.mesh" />

    <!-- md1stin -->
    <model id="5800" file_name="md1stin_cloud.mesh" />
    <model id="5801" file_name="md1stin_barret.mesh" />
    <model id="5802" file_name="md1stin_soldier.mesh" />
    <model id="5803" file_name="md1stin_biggs.mesh" />
    <model id="5804" file_name="md1stin_jessie.mesh" />
    <model id="5805" file_name="md1stin_wedge.mesh" />
    <model id="5806" file_name="md1stin_guard.mesh" />

    <!-- md1_1 -->
    <model id="5850" file_name="md1_1_cloud.mesh" />
    <model id="5851" file_name="md1_1_barret.mesh" />
    <model id="5852" file_name="md1_1_biggs.mesh" />
    <model id="5853" file_name="md1_1_jessie.mesh" />
    <model id="5854" file_name="md1_1_wedge.mesh" />
    <model id="5855" file_name="md1_1_door.mesh" />
</models>
